NASDAQ BX,NSX,CHX,NYSE Arca,CBSX,endTime,totalVolume,NASDAQ PSX,BATS BYX,BATS BZX,BATS EDGA,NYSE,NASDAQ,BATS EDGX,startTime
0.012670587403576683,0.0012004978064237303,0.0,0.024174024162019185,0.0,2014-03-13 09:31:02,749689,0.0,0.011988971426818321,0.010044164980411878,0.005506283272130177,0.8801889850324601,0.01624273532091307,0.03798375059524683,2014-03-13 09:30:02
0.03354736762898493,0.006673417943765833,0.0,0.0493710652386566,0.0,2014-03-13 09:32:02,637904,0.006740826205824074,0.055337480247811585,0.05398617973864406,0.020148799819408564,0.1693718804083373,0.10419906443602799,0.500623918332539,2014-03-13 09:31:02
0.057770643978559216,0.01050375345064713,0.0,0.061709551522551885,0.0,2014-03-13 09:33:02,304653,0.003610665248659951,0.05817766442477179,0.12196498967677981,0.025478166963725943,0.30329588088743586,0.2253711599754475,0.13211752387142092,2014-03-13 09:32:02
0.06731981563010273,0.0024803125193774414,0.0,0.1043095430024183,0.0,2014-03-13 09:34:02,241905,0.014055104276472169,0.09967549244538144,0.07295839275748744,0.05325644364523263,0.11806287592236622,0.2919947913437093,0.1758872284574523,2014-03-13 09:33:02
0.03158809128958383,0.024568515447454087,0.0,0.15883545236779067,0.0,2014-03-13 09:35:02,113967,0.012459747119780287,0.11757789535567313,0.15335140874112682,0.07370554634236226,0.12722981213860152,0.15706300946765292,0.14362052172997447,2014-03-13 09:34:02
0.02292577891457675,0.0,0.0,0.09270106132870622,0.0,2014-03-13 09:36:02,222457,0.008990501535128138,0.03994030306980675,0.11568078325249374,0.08209226951725503,0.12775502681417084,0.26686955231797604,0.2430447232498865,2014-03-13 09:35:02
0.09484366602383737,0.0,0.0,0.03208877367139831,0.0,2014-03-13 09:37:02,94893,0.0,0.15652366349467295,0.17274193038474914,0.0774451224010201,0.0718177315502724,0.3322900530070711,0.0622490594669786,2014-03-13 09:36:02
0.03743870920992247,0.004830801188377093,0.0,0.018900509649525374,0.0,2014-03-13 09:38:02,82802,0.0,0.09276345981981111,0.03623100891282819,0.10091543682519746,0.16038259945411948,0.409748556798145,0.13878891814207386,2014-03-13 09:37:02
0.10816912006772328,0.0,0.0,0.028218031322014767,0.0,2014-03-13 09:39:02,21263,0.0,0.1646051827117528,0.11757513050839487,0.2792644499835395,0.054648920660301935,0.21925410337205475,0.028265061374218126,2014-03-13 09:38:02
0.049135948972780535,0.0,0.0,0.02873989468219239,0.0,2014-03-13 09:40:02,107864,0.005562560261069495,0.02410442779796781,0.06953200326336868,0.026079136690647483,0.1797819476377661,0.26514870577764593,0.3519153749165616,2014-03-13 09:39:02
0.038078270322502716,0.0,0.0,0.09733462173370375,0.0,2014-03-13 09:41:02,198696,0.014091879051415228,0.0951654789225752,0.13656540645005436,0.03372991907235173,0.1410848733744011,0.30554716753231065,0.13840238354068526,2014-03-13 09:40:02
0.19561815336463223,0.0,0.0,0.0,0.0,2014-03-13 09:42:02,20448,0.0,0.5858763693270735,0.03423317683881064,0.09634194053208138,0.05369718309859155,0.03423317683881064,0.0,2014-03-13 09:41:02
0.09704384237992562,0.007812255867004156,0.0,0.059420018124433614,0.0,2014-03-13 09:43:02,64002,0.029233461454329552,0.0953095215774507,0.0953095215774507,0.20121246211055904,0.14904221743070528,0.20624355488890972,0.05937314458923159,2014-03-13 09:42:02
0.0686902277095789,0.003537694130965437,0.0,0.07438591526043326,0.0,2014-03-13 09:44:02,84801,0.0023584627539769577,0.17254513508095423,0.08538814400773576,0.04235799106142616,0.3595476468437872,0.08018773363521657,0.11100104951592552,2014-03-13 09:43:02
0.058412678278379856,0.0,0.0,0.10945242078057985,0.0,2014-03-13 09:45:02,126137,0.011891831897064303,0.056288004312771034,0.021682773492313914,0.04173240207076433,0.3765429651886441,0.10559153935799964,0.21840538462148298,2014-03-13 09:44:02
0.1428893735429044,0.0025632348148705224,0.0,0.0300945075330275,0.0,2014-03-13 09:46:02,159564,0.003760246672181695,0.2208956907573137,0.03843598806748389,0.18336842896894037,0.2383557694718107,0.029818756110400843,0.10981800406106641,2014-03-13 09:45:02
0.09691272051996286,0.0003626973073351903,0.0,0.1073910457288765,0.0,2014-03-13 09:47:02,275712,0.007453429665738162,0.06093314763231198,0.20201151926648098,0.07542290506035283,0.2044307103064067,0.14399808495821728,0.10108373955431754,2014-03-13 09:46:02
0.1881155250636273,0.005453769424113565,0.0,0.0048688724134115305,0.0,2014-03-13 09:48:02,63259,0.008741839105897976,0.1327874294566781,0.07587853111810178,0.08419355348646042,0.3564710159819156,0.025292843706033925,0.11819662024375978,2014-03-13 09:47:02
0.2297424444513374,0.007434060196242646,0.0,0.03105968960989278,0.0,2014-03-13 09:49:02,96717,0.0010339443944704654,0.0268825542562321,0.06014454542634697,0.0464241033117239,0.47206799218338036,0.04658953441483917,0.07862113175553419,2014-03-13 09:48:02
0.10093037240185569,0.0025289494463005685,0.0,0.13101363103751557,0.0,2014-03-13 09:50:02,355879,0.02135557310209369,0.0653873929060158,0.07317936714445078,0.10138277335836057,0.1999977520449366,0.057218886194464975,0.24700530236400575,2014-03-13 09:49:02
0.05215779881816564,0.0012272423251333093,0.0,0.04768450054305473,0.0,2014-03-13 09:51:02,162967,0.027612952315499456,0.04773359023606006,0.07430952278682187,0.03313554277859935,0.2528119189774617,0.10410083022943295,0.3592261009897709,2014-03-13 09:50:02
0.0405063052044794,0.00188884612751128,0.0,0.08376088152448771,0.0,2014-03-13 09:52:02,423539,0.01754974158223918,0.045228420523257595,0.14380021674509313,0.0358691879614392,0.15298473104011673,0.34983083021870476,0.12858083907267098,2014-03-13 09:51:02
0.13472018362949315,0.0023422129227694327,0.0,0.038685550107741794,0.0,2014-03-13 09:53:02,256168,0.0031697948221479652,0.06028465694388058,0.10873333125136629,0.14792245713750352,0.195672371256363,0.1163338121857531,0.19213562974298118,2014-03-13 09:52:02
0.062253801516370874,0.006353509254945148,0.0,0.05284531322800627,0.0,2014-03-13 09:54:02,188872,0.039179973738828415,0.09318480240586217,0.17474268287517472,0.10529353212757847,0.17743233512643483,0.12795438180354948,0.1607596679232496,2014-03-13 09:53:02
0.0797532826177574,0.0,0.0,0.0469857232180075,0.0,2014-03-13 09:55:02,153536,0.0019539391413088787,0.041599364318466024,0.07881539182992914,0.27872941850771155,0.1990803459774906,0.13882737598999584,0.13425515839933305,2014-03-13 09:54:02
0.0010178531441483623,0.0,0.0,0.01843332044052684,0.0,2014-03-13 09:56:02,98246,0.007124972009038536,0.04783909777497303,0.1304582374854956,0.12417808358610019,0.28448995378946723,0.3198705290800643,0.06658795269018586,2014-03-13 09:55:02
0.057749635823264915,0.0,0.0,0.056351557954837574,0.0,2014-03-13 09:57:02,221733,0.004509928607830138,0.08423193660844348,0.16959586529745235,0.07549169496646868,0.22547388074846775,0.20803849675059644,0.11855700324263867,2014-03-13 09:56:02
0.023540386511014845,0.0005665101839647404,0.0,0.03720083541368462,0.0,2014-03-13 09:58:02,264779,0.0015106938239059745,0.028472801846067854,0.08716703363937472,0.07757790459213156,0.13836067059698842,0.10971036222661162,0.4958928011662556,2014-03-13 09:57:02
0.02261388010892795,0.000390702835330476,0.0,0.036729973549418045,0.0,2014-03-13 09:59:02,511898,0.00195351417665238,0.04628656490160149,0.09768156937514895,0.060138933928243515,0.11023680498849381,0.0905824988571942,0.5333855572789892,2014-03-13 09:58:02
0.060846584871904315,0.00605438655441834,0.0,0.14992174705378414,0.0,2014-03-13 10:00:02,330339,0.00302719327720917,0.06914109445145744,0.11070748534081655,0.05660851428381148,0.1557188221796397,0.2238548884630637,0.16411928352389515,2014-03-13 09:59:02
0.039239623299616326,0.0003633298453668178,0.0,0.11710120916172538,0.0,2014-03-13 10:01:02,275232,0.0,0.04896232996163237,0.14155330775491223,0.04323625159865132,0.24516771305662133,0.18087286362050925,0.183503371700965,2014-03-13 10:00:02
0.12329537341139511,0.0017046265886048837,0.0,0.05360202770241325,0.0,2014-03-13 10:02:02,112048,0.0,0.06782807368270741,0.11436170212765957,0.13337141225189206,0.26798336427245467,0.17147115521919176,0.06638226474368128,2014-03-13 10:01:02
0.04332286364128669,0.004238106225778046,0.0,0.12260370410484132,0.0,2014-03-13 10:03:02,212359,0.006375995366337193,0.06586958876242589,0.12548090733145287,0.04717954030674471,0.18951869240295913,0.21957628355756054,0.17583431830061358,2014-03-13 10:02:02
0.1675850468373887,0.005075258838200748,0.0,0.0508178417099272,0.0,2014-03-13 10:04:02,137924,0.014094718830660364,0.06960354978103883,0.0734969983469157,0.05075258838200748,0.22202807343174502,0.15219976218787157,0.19434616165424437,2014-03-13 10:03:02
0.04238473450222289,0.0006244068135271492,0.0,0.13184349867625755,0.0,2014-03-13 10:05:02,160152,0.0024976272541085967,0.030783255906888456,0.09897472401218842,0.05519131824766472,0.2774926319996004,0.15876167640741295,0.2014461261801289,2014-03-13 10:04:02
0.03319192663220163,0.0004546839264685154,0.0,0.08599891785225501,0.0,2014-03-13 10:06:02,219933,0.003637471411748123,0.05436655708784039,0.07507286309921658,0.03195063951294258,0.11412566554359736,0.35746340931101744,0.24373786562271238,2014-03-13 10:05:02
0.06013800088624422,0.009495473824143825,0.0,0.05785908716844971,0.0,2014-03-13 10:07:02,31594,0.0,0.10445021206558207,0.08017345065518769,0.01899094764828765,0.12014939545483319,0.2480217762866367,0.30072165601063494,2014-03-13 10:06:02
0.14905321062096688,0.004654607003067809,0.0,0.026721675658521106,0.0004231460911879826,2014-03-13 10:08:02,236325,0.010646355654289643,0.0708346556648683,0.15033957473817836,0.10238865968475616,0.31307309848725273,0.08313128107479108,0.08873373532211996,2014-03-13 10:07:02
0.08679718391358858,0.008266398467960817,0.0,0.0957386715897662,0.0,2014-03-13 10:09:02,72583,0.019205599107228966,0.06062025543171266,0.11652866373668766,0.041593761624622846,0.21427882562032433,0.23145915710290288,0.12551148340520507,2014-03-13 10:08:02
0.04918032786885246,0.3442622950819672,0.0,0.04918032786885246,0.0,2014-03-13 10:10:02,6100,0.0,0.13114754098360656,0.14754098360655737,0.0,0.06557377049180328,0.21311475409836064,0.0,2014-03-13 10:09:02
0.0937982928696255,0.0,0.0,0.093105041956123,0.0,2014-03-13 10:11:02,138478,0.007221363682317769,0.06427013677262815,0.08641805918629673,0.06210372766793281,0.2933462355031124,0.13649821632317047,0.16323892603879317,2014-03-13 10:10:02
0.0818716110188792,0.0019493240718780763,0.0,0.1306047128158311,0.0,2014-03-13 10:12:02,307799,0.0035737607984431398,0.07277476535011485,0.10851237333454625,0.13499069197755678,0.19577386541216832,0.21829180731581324,0.05165708790476902,2014-03-13 10:11:02
0.038707299090685675,0.0,0.0,0.11543991152617351,0.0,2014-03-13 10:13:02,162760,0.0006144015728680265,0.052838535266650284,0.057778323912509214,0.051794052592774635,0.5238817891373801,0.1168100270336692,0.04213565986728926,2014-03-13 10:12:02
0.058513251630864974,0.0,0.0,0.13736796135054727,0.0,2014-03-13 10:14:02,146548,0.0027294811256380162,0.0504954008243033,0.10996397084914158,0.025322761143106696,0.3585719354750662,0.1692346534923711,0.08780058410896088,2014-03-13 10:13:02
0.11247521926807019,0.006625182829564624,0.0,0.1111654715856101,0.0,2014-03-13 10:15:02,196221,0.010702218416989007,0.049250589896086557,0.10744517661208536,0.050764189357917856,0.2243694609649324,0.18093883936989416,0.14626365169884978,2014-03-13 10:14:02
0.09251451267949894,0.0,0.0,0.10913534983195845,0.0,2014-03-13 10:16:02,98190,0.007129035543334352,0.04990324880334046,0.11975761279152664,0.027864344637946837,0.036612689683267134,0.1847438639372645,0.3723393420918627,2014-03-13 10:15:02
0.056225200670418585,0.0,0.0,0.12302073906687586,0.0,2014-03-13 10:17:02,186749,0.005354781016230341,0.03212868609738205,0.1037917204375927,0.06721856609673947,0.1338641706247423,0.1211572752732277,0.357238860716791,2014-03-13 10:16:02
0.0407698871717076,0.0,0.0,0.121987294965393,0.0,2014-03-13 10:18:02,105470,0.0,0.06202711671565374,0.15628140703517587,0.03184791883948042,0.18719067033279604,0.17184033374419266,0.22805537119560065,2014-03-13 10:17:02
0.07729613332085011,0.011234903098960771,0.0,0.20563617638797865,0.0,2014-03-13 10:19:02,53405,0.04306712854601629,0.06681022376182005,0.05954498642449209,0.05506975002340605,0.19647973036232563,0.16689448553506225,0.1179664825390881,2014-03-13 10:18:02
0.10181093492764925,0.017329520838748808,0.0,0.08478468070357854,0.0,2014-03-13 10:20:02,46164,0.008664760419374404,0.16413222424399965,0.07588163937267134,0.13844120960055453,0.1067715102677411,0.0898102417468157,0.21237327787886665,2014-03-13 10:19:02
0.14948859166011014,0.04720692368214005,0.0,0.0,0.0,2014-03-13 10:21:02,12710,0.0,0.015735641227380016,0.04720692368214005,0.03933910306845004,0.7010228166797797,0.0,0.0,2014-03-13 10:20:02
0.03266060005405892,0.0,0.0,0.11717271826290657,0.0,2014-03-13 10:22:02,88792,0.0,0.08632534462564195,0.08424182358771061,0.08284530137850257,0.15000225245517615,0.17869853139922515,0.2680534282367781,2014-03-13 10:21:02
0.1410655437568656,0.0,0.0,0.0,0.0,2014-03-13 10:23:02,10924,0.0,0.19269498352251924,0.03661662394727206,0.3661662394727206,0.19022336140607837,0.07323324789454412,0.0,2014-03-13 10:22:02
0.10579001544004117,0.0,0.0,0.13784096757591355,0.0,2014-03-13 10:24:02,77720,0.0,0.02645393721049923,0.03880597014925373,0.041121976325270204,0.16856664951106537,0.2112712300566135,0.2701492537313433,2014-03-13 10:23:02
0.06424529719083306,0.0012518569210996312,0.0,0.050766971006993705,0.0,2014-03-13 10:25:02,119822,0.0,0.016691425614661748,0.04101917844803125,0.010849426649530137,0.22675301697517986,0.041853749728764336,0.5465690774649062,2014-03-13 10:24:02
0.018699639287188412,0.0,0.0,0.07007878254939612,0.0,2014-03-13 10:26:02,55723,0.0,0.06460527968702331,0.2549037201873553,0.08972955512086571,0.24937637959190997,0.14767690181792079,0.10492974175834036,2014-03-13 10:25:02
0.1596226235288512,0.030971553819030828,0.0,0.15485776909515414,0.0,2014-03-13 10:27:02,41974,0.024253109067517986,0.19369133272978512,0.06780387859150903,0.16665078381855433,0.0449087530375947,0.15724019631200267,0.0,2014-03-13 10:26:02
0.02591671724191938,0.005090154466610545,0.0,0.1135221911157227,0.0,2014-03-13 10:28:02,255395,0.0038450243740088884,0.03132402748683412,0.24015740323812135,0.05646547504845435,0.19932653340903306,0.2014996378159322,0.12285283580336341,2014-03-13 10:27:02
0.01756761388955541,0.0,0.0,0.07213862132794022,0.0,2014-03-13 10:29:02,58346,0.03942001165461214,0.09083741816062797,0.15658314194632023,0.08680972131765674,0.07381825660713674,0.15142426216021665,0.3114009529359339,2014-03-13 10:28:02
0.0311406578026592,0.0,0.0,0.48670398880335897,0.0,2014-03-13 10:30:02,14290,0.0,0.17494751574527642,0.08894331700489853,0.10496850944716585,0.08530440867739678,0.02099370188943317,0.006997900629811057,2014-03-13 10:29:02
0.2992689986753667,0.0,0.0,0.034342344110287984,0.0,2014-03-13 10:31:02,20383,0.0,0.37678457538144533,0.044154442427513124,0.17171172055143993,0.014865328950596085,0.058872589903350835,0.0,2014-03-13 10:30:02
0.021223161543631283,0.0008842983976513034,0.0017685967953026069,0.07519189275229034,0.0,2014-03-13 10:32:02,113084,0.0,0.04156202468961126,0.1883290297477981,0.042446323087262566,0.20593541084503555,0.23151816348908777,0.19114109865232926,2014-03-13 10:31:02
0.03321572506237175,0.0036906361180413056,0.0,0.15210587696895436,0.0,2014-03-13 10:33:02,135478,0.0,0.025649921020387073,0.062032211872038265,0.19066564313024992,0.2098126633106482,0.25429220980528205,0.06853511271202704,2014-03-13 10:32:02
0.04642147342648359,0.002267042491933107,0.001511361661288738,0.09301675344401539,0.0,2014-03-13 10:34:02,132331,0.002267042491933107,0.03932563042673296,0.09544248891038382,0.07279473441597208,0.3392629089177895,0.16601552168426142,0.1416750421292063,2014-03-13 10:33:02
0.06047157310224428,0.00262919883053236,0.005784237427171193,0.03728203941694887,0.0,2014-03-13 10:35:02,190172,0.003680878362745304,0.033659003428475276,0.09043918137265212,0.04394442925351787,0.30467681887975095,0.26131607176661126,0.1561165681593505,2014-03-13 10:34:02
0.15685850573625393,0.004648460197559558,0.0,0.050052024917908736,0.0,2014-03-13 10:36:02,74003,0.0,0.03918760050268232,0.1396294744807643,0.029998783833087846,0.11452238422766645,0.1770063375809089,0.28809642852316797,2014-03-13 10:35:02
0.036703737314833666,0.0006901144554824417,0.0,0.04405000569344426,0.0,2014-03-13 10:37:02,289807,0.0022428719803179358,0.06694110218179686,0.08094352448353559,0.039364128540718475,0.42974807371802615,0.17945046185909933,0.11986597977274531,2014-03-13 10:36:02
0.012960362890160924,0.0002880080642257983,0.0,0.051717608093026605,0.0,2014-03-13 10:38:02,694425,0.013820066961874933,0.019215898045145265,0.07298844367642295,0.013532058897649133,0.6467710695899486,0.13370198365554237,0.03500450012600353,2014-03-13 10:37:02
0.06587608560319226,0.0036127241368752996,0.0,0.007194831967505894,0.0,2014-03-13 10:39:02,97987,0.010205435414901976,0.07011134130037658,0.07505077204118914,0.04483247777766439,0.44746752120179206,0.1527855735964975,0.1228632369600049,2014-03-13 10:38:02
0.046722949023651476,0.014500225559064252,0.0,0.24171876006960108,0.0,2014-03-13 10:40:02,62068,0.0,0.06960108268350841,0.053231939163498096,0.030611587291357864,0.4098891538312818,0.09344589804730295,0.040278404330734034,2014-03-13 10:39:02
0.16441379310344828,0.007724137931034483,0.0,0.16940137931034482,0.0,2014-03-13 10:41:02,90625,0.0,0.053693793103448274,0.032375172413793105,0.15174620689655172,0.05583448275862069,0.269351724137931,0.09545931034482759,2014-03-13 10:40:02
0.02476438559360359,0.0,0.0,0.044409471608690146,0.0,2014-03-13 10:42:02,55281,0.0,0.03735460646515078,0.13027984298402706,0.03979667516868363,0.3523995586186936,0.23651887628660842,0.1344765832745428,2014-03-13 10:41:02
0.04291845493562232,0.0,0.0,0.20386266094420602,0.0,2014-03-13 10:43:02,9320,0.055793991416309016,0.04291845493562232,0.27896995708154504,0.04291845493562232,0.33261802575107297,0.0,0.0,2014-03-13 10:42:02
0.05687946386432999,0.00440487052826983,0.0,0.07301387534216405,0.0,2014-03-13 10:44:02,158915,0.0717364628889658,0.0912437466570179,0.07941352295252178,0.08586980461252872,0.2699241733001919,0.18925211591102162,0.07826196394298839,2014-03-13 10:43:02
0.19171576818221792,0.000879430129276229,0.0,0.05982763169466186,0.0,2014-03-13 10:45:02,113710,0.01582974232697212,0.09629759915574708,0.0606806789200598,0.08314132442177469,0.20138949960425645,0.0976431272535397,0.19259519831149416,2014-03-13 10:44:02
0.05615217238716923,0.00451222813825467,0.0,0.006041372118440975,0.0,2014-03-13 10:46:02,199458,0.043492865665954734,0.0917486388111783,0.06389315043768613,0.18363765805332452,0.11303131486327948,0.1255352003930652,0.31195539913164677,2014-03-13 10:45:02
0.05196267389271607,0.001908287693452665,0.0,0.00774764803541782,0.0,2014-03-13 10:47:02,52403,0.01526630154762132,0.08205637081846459,0.09119706887010286,0.07646508787664828,0.5064023052115337,0.06438562677709292,0.10260862927694979,2014-03-13 10:46:02
0.001817586971536588,0.0,0.0,0.12903655773262085,0.0,2014-03-13 10:48:02,165054,0.0,0.01635828274382929,0.08032522689544028,0.03271656548765858,0.05187999079089268,0.35330255552728196,0.33456323385073977,2014-03-13 10:47:02
0.15696918217290898,0.003981631407108539,0.0,0.0013537546784169034,0.0,2014-03-13 10:49:02,75346,0.0,0.043797945478193934,0.03185305125686831,0.1689538927083057,0.06589599978764632,0.041475327157380615,0.4857192153531707,2014-03-13 10:48:02
0.07988860197614119,0.002134061759747327,0.0,0.09441089225122175,0.0,2014-03-13 10:50:02,187436,0.0004801638959431486,0.04481529695469387,0.13369896924817004,0.05775304637316204,0.1537804904073924,0.24630273800123775,0.1867357391322905,2014-03-13 10:49:02
0.1775282290527011,0.0,0.002064281733170943,0.06816258282930454,0.0,2014-03-13 10:51:02,96886,0.002064281733170943,0.062382593976425905,0.09909584460087113,0.12643725615672027,0.16617467952026094,0.1629440786078484,0.13314617178952584,2014-03-13 10:50:02
0.1039038147543417,0.00445302063232893,0.0,0.1088911978625501,0.0,2014-03-13 10:52:02,67370,0.0,0.11429419622977587,0.06980852011280986,0.15244173964672703,0.08269259314234823,0.18830339913908267,0.17521151848003563,2014-03-13 10:51:02
0.03568122106843488,0.003753284123608157,0.0050043788314775425,0.22651069685975228,0.0,2014-03-13 10:53:02,79930,0.0,0.04253722006755911,0.04884273739522082,0.03127736769673464,0.08057049918678844,0.2856999874890529,0.2401226072813712,2014-03-13 10:52:02
0.1098940575564003,0.0026126373267494874,0.0,0.16048777938890413,0.0,2014-03-13 10:54:02,153102,0.020247939282308527,0.03978393489307782,0.1059228488197411,0.03218769186555368,0.04086817938367886,0.15257801988217007,0.33541691160141607,2014-03-13 10:53:02
0.07467909462533204,0.0015906090442030253,0.0,0.055719034818431976,0.0,2014-03-13 10:55:02,62869,0.0,0.08271167029855732,0.06526268908365013,0.09702715169638454,0.13042994162464808,0.3319282953442873,0.16065151346450557,2014-03-13 10:54:02
0.057478911093962054,0.0,0.0,0.11308975757737035,0.0,2014-03-13 10:56:02,187895,0.0047899092578301715,0.03831927406264137,0.11049788445674445,0.027345059740812687,0.11635754011549003,0.22951648527102902,0.3026051784241199,2014-03-13 10:55:02
0.1073209411549429,0.0007624391954741609,0.006099513563793287,0.10595617499504414,0.0,2014-03-13 10:57:02,131158,0.006099513563793287,0.05637475411335946,0.07676237820033853,0.04600558105491087,0.201268698821269,0.32277863340398605,0.07057137193308834,2014-03-13 10:56:02
0.08943525279600703,0.003697199371476107,0.0,0.1128200388205934,0.0,2014-03-13 10:58:02,54095,0.018485996857380536,0.018559940844810056,0.10727423976337924,0.055531934559571124,0.03736019964876606,0.25172381920695075,0.3051113781310657,2014-03-13 10:57:02
0.25125628140703515,0.031407035175879394,0.0,0.3454773869346734,0.0,2014-03-13 10:59:02,3184,0.0,0.0,0.2198492462311558,0.0,0.05778894472361809,0.0942211055276382,0.0,2014-03-13 10:58:02
0.056048876338140076,0.004294933052731041,0.0,0.10687940901721195,0.0,2014-03-13 11:00:02,93133,0.032211997895482805,0.02918407009330742,0.1550685578688542,0.015225537671931539,0.18476801992848937,0.11129245272889308,0.3050261454049585,2014-03-13 10:59:02
0.2766223434481191,0.0909194226616661,0.0,0.011364927832708262,0.0,2014-03-13 11:01:02,8799,0.0,0.0,0.11933174224343675,0.06989430617115582,0.0,0.43186725764291395,0.0,2014-03-13 11:00:02
0.054880055960169524,0.0,0.0025716989672056947,0.150917582191499,0.0,2014-03-13 11:02:02,194424,0.0,0.05299757231617496,0.23593795004731927,0.03986647738962268,0.18322326461753694,0.17818273464181378,0.1014226638686582,2014-03-13 11:01:02
0.015974538979512475,0.0010233529134857447,0.0020467058269714893,0.13353732168075483,0.0,2014-03-13 11:03:02,97718,0.0,0.0010233529134857447,0.23232157841953377,0.020467058269714893,0.06447123354960192,0.4277001166622321,0.10143474078470702,2014-03-13 11:02:02
0.16874117147761752,0.0028377958940640656,0.0,0.09836003268532771,0.0,2014-03-13 11:04:02,157869,0.015202478003914638,0.03177951339401656,0.09191798263116888,0.01612096104998448,0.15637648936776694,0.2972591199032109,0.12140445559292831,2014-03-13 11:03:02
0.11191239316239317,0.00205456936226167,0.0,0.11753164036817883,0.0,2014-03-13 11:05:02,97344,0.001027284681130835,0.029791255752794215,0.1397620808678501,0.03581114398422091,0.06677350427350427,0.1721215483234714,0.3232145792241946,2014-03-13 11:04:02
0.0,0.0,0.0,0.0625,0.0,2014-03-13 11:06:02,3200,0.03125,0.03125,0.125,0.6875,0.0,0.0625,0.0,2014-03-13 11:05:02
0.04956786465888891,0.0,0.0,0.07865612379025942,0.0,2014-03-13 11:07:02,146829,0.0027242574695734495,0.05526156277029742,0.17052489630795006,0.04198761824980079,0.1307916011142213,0.2557260486688597,0.21476002697014895,2014-03-13 11:06:02
0.031095399155326615,0.0005097606418906003,0.0,0.13543575614070413,0.0,2014-03-13 11:08:02,392341,0.004929385407082105,0.025742912415475314,0.21425494658982874,0.028291715624928316,0.06616438251419046,0.3672111759923128,0.1263645655182609,2014-03-13 11:07:02
0.03921385958919471,0.0003450405595177713,0.0,0.045055396261830576,0.0,2014-03-13 11:09:02,289821,0.0037954461546954843,0.03312389371370605,0.04920968459842454,0.05003088113007684,0.30207265864102323,0.13858554073031285,0.33856759862121794,2014-03-13 11:08:02
0.051439031423826095,0.0003084244599102176,0.0,0.07214202329529945,0.0,2014-03-13 11:10:02,648457,0.04017228590330585,0.04455499747863004,0.10668402068294427,0.08857796276391496,0.235462027551557,0.17588830099759892,0.18477092544301318,2014-03-13 11:09:02
0.0654760420044399,0.00436506946696266,0.0,0.10613978199595919,0.0,2014-03-13 11:11:02,160364,0.006235813524232372,0.04489785737447308,0.13643336409668005,0.0492753984684842,0.15667481479633832,0.23441046618941908,0.19609139208301116,2014-03-13 11:10:02
0.03227758725035303,0.001152770973226894,0.0,0.06921236923254273,0.0,2014-03-13 11:12:02,173495,0.057638548661344706,0.0669183549958212,0.12742153952563476,0.075310527680913,0.10259661661719358,0.3539122164903888,0.11355946857258134,2014-03-13 11:11:02
0.02686701785697151,0.0,0.0,0.21452354222439718,0.0,2014-03-13 11:13:02,104217,0.0009595363520346968,0.02228043409424566,0.15733517564312924,0.07484383545870635,0.16504025254996785,0.1635145897502327,0.17463561607031483,2014-03-13 11:12:02
0.0618496745826249,0.0044450865124962494,0.0,0.11792444093776508,0.0,2014-03-13 11:14:02,269961,0.0018521193802067705,0.049610869718218556,0.14429121243438867,0.058812198799085794,0.10989735554394894,0.30601457247528346,0.14530246961598156,2014-03-13 11:13:02
0.05645392835787871,0.0005268190402937543,0.0,0.07454226010636476,0.0,2014-03-13 11:15:02,379637,0.0015804571208812629,0.04873076122717227,0.13716260533088187,0.0724560567068015,0.11120623121560859,0.1525694281642727,0.34477145272984455,2014-03-13 11:14:02
0.04230755856409305,0.0007881956116050213,0.0,0.11934498626453235,0.0,2014-03-13 11:16:02,345092,0.001159111193536796,0.05034019913530305,0.15652058001924124,0.08427028154810891,0.1738203145827779,0.23986647039050457,0.13158230269029708,2014-03-13 11:15:02
0.1087991276028235,0.013189112719020322,0.0,0.06755920364284768,0.0,2014-03-13 11:17:02,135718,0.0014736438792201476,0.06262986486685627,0.13049116550494408,0.07121384046331364,0.06361720626593377,0.3612269558938387,0.1197998791612019,2014-03-13 11:16:02
0.05068775427534828,0.002348286044723108,0.0,0.10341264669449386,0.0,2014-03-13 11:18:02,170337,0.0,0.01858081332887159,0.15774611505427477,0.01702507382424253,0.11212478792041658,0.25512953732894206,0.28294498552868724,2014-03-13 11:17:02
0.1671199659206344,0.004915293115312776,0.0,0.3392699151292722,0.0,2014-03-13 11:19:02,61034,0.004915293115312776,0.004915293115312776,0.10415506111347773,0.055968804273028146,0.05329816168037487,0.15892781072844644,0.10651440180882786,2014-03-13 11:18:02
0.01946203984210043,0.0,0.0,0.19730101900302946,0.0,2014-03-13 11:20:02,54465,0.014688331956302212,0.007344165978151106,0.3337739832920224,0.009180207472688882,0.04590103736344441,0.1849628201597356,0.18738639493252549,2014-03-13 11:19:02
0.04534271698450803,0.0,0.0,0.08828484947887932,0.0,2014-03-13 11:21:02,67067,0.0,0.041749295480638764,0.014970104522343328,0.03876720294630742,0.11630160883892227,0.10174899727138532,0.5528352244770155,2014-03-13 11:20:02
0.09136017343776241,0.0015267408662727674,0.0,0.05496267118581963,0.0,2014-03-13 11:22:02,65499,0.0,0.11603230583673033,0.14888776927892028,0.18244553351959572,0.1923693491503687,0.09771141544145712,0.11470404128307303,2014-03-13 11:21:02
0.04447769039484059,0.002021713199765481,0.0,0.020641691769605564,0.0,2014-03-13 11:23:02,49463,0.0,0.054586256393667994,0.2385621575723268,0.2833026706831369,0.14758506358288012,0.01920627539777207,0.18961648100600448,2014-03-13 11:22:02
0.01676727028839705,0.0,0.0,0.010731052984574111,0.0,2014-03-13 11:24:02,5964,0.01676727028839705,0.0,0.2515090543259557,0.01676727028839705,0.5030181086519114,0.18443997317236754,0.0,2014-03-13 11:23:02
0.0383964675249877,0.0011998896101558657,0.0,0.18375109489926927,0.0,2014-03-13 11:25:02,83341,0.0,0.12730828763753735,0.19287025593645385,0.15479775860620823,0.08819188634645612,0.13125592445495016,0.08222843498398147,2014-03-13 11:24:02
0.004776005349125991,0.012736014264335975,0.0,0.08612729646257204,0.0,2014-03-13 11:26:02,62814,0.007960008915209985,0.012576814086031776,0.08931130002865603,0.046168051708217916,0.23561626389021556,0.1497118476772694,0.35501639761836534,2014-03-13 11:25:02
0.10832080643735079,0.0,0.0,0.04421257405606154,0.0,2014-03-13 11:27:02,45236,0.013396409938986649,0.05305508886727385,0.13135555752055886,0.11751702184101158,0.38022813688212925,0.04967282695198515,0.10224157750464231,2014-03-13 11:26:02
0.04767133479737433,0.0006000168004704131,0.0,0.05243846827711176,0.0,2014-03-13 11:28:02,333324,0.003900109203057686,0.03327693175408911,0.12872160420491774,0.02718376114531207,0.030852863880188645,0.12048637361846132,0.5548685363190169,2014-03-13 11:27:02
0.09505854651902762,0.0005303126723516185,0.0,0.06713228119299139,0.0,2014-03-13 11:29:02,188568,0.01978066267871537,0.05515251792456832,0.0736869458232574,0.14489202833990922,0.12492045309914726,0.21828730219337322,0.2005589495566586,2014-03-13 11:28:02
0.041665485672174825,0.009312985135665898,0.0,0.06360768847659809,0.0,2014-03-13 11:30:02,246967,0.0016196495888114607,0.019840707462940393,0.04645964845505675,0.06458757647782902,0.09323512857993173,0.23308782144982934,0.4265833087011625,2014-03-13 11:29:02
0.09437849806261148,0.001025073292740431,0.0,0.055651229062878,0.0,2014-03-13 11:31:02,97554,0.0,0.08661869323656642,0.09593660946757693,0.03649260922155934,0.21510137974865204,0.26470467638436146,0.1500912315230539,2014-03-13 11:30:02
0.06107192634201968,0.0,0.0,0.034470864833664176,0.0,2014-03-13 11:32:02,142062,0.0007039180076304712,0.03871549041967592,0.13643338823893794,0.07003984175923189,0.04642339260322958,0.2432107108164041,0.3689304669792063,2014-03-13 11:31:02
0.04530790852178357,0.0007985179506835314,0.0,0.10622684297943018,0.0,2014-03-13 11:33:02,125232,0.0,0.026766321706911973,0.07181071930496997,0.08552925769771305,0.05236680720582599,0.38196307652996037,0.22923054810272134,2014-03-13 11:32:02
0.07938608097380259,0.0011025844579694805,0.0,0.037531974949281115,0.0,2014-03-13 11:34:02,45348,0.0,0.1971421010849431,0.04412543000793861,0.25800476316485843,0.14333597953603247,0.18554291258710418,0.053828173238070036,2014-03-13 11:33:02
0.0724396833107492,0.0008522315683617553,0.0,0.056877934872463544,0.0,2014-03-13 11:35:02,117339,0.0,0.08692761997289904,0.055863779306113054,0.20393901430896802,0.16384151901754745,0.2675751455185403,0.09168307212435763,2014-03-13 11:34:02
0.06682218099663868,0.0,0.0,0.13414029351799128,0.0,2014-03-13 11:36:02,54443,0.0,0.07130393255331263,0.18264974376871224,0.14534467240967616,0.08081847069412046,0.23795529269143875,0.08096541336810976,2014-03-13 11:35:02
0.0650548739699645,0.0,0.0,0.0743132484067069,0.0,2014-03-13 11:37:02,272078,0.013966583112195768,0.06027683237895015,0.1458809606068848,0.10204794213424091,0.2262108660016613,0.229801748028139,0.0824469453612567,2014-03-13 11:36:02
0.07984302050206374,0.0,0.0,0.31486568780025714,0.0,2014-03-13 11:38:02,73895,0.0013532715339332837,0.04871777522159822,0.045672914270248326,0.09782799918803708,0.14880573787130388,0.19221868867988362,0.07069490493267475,2014-03-13 11:37:02
0.05153880135473421,0.0,0.0,0.12148431747901635,0.0,2014-03-13 11:39:02,27164,0.0,0.08835223089383007,0.003681342953909586,0.23243999410985128,0.44728316890001474,0.05522014430864379,0.0,2014-03-13 11:38:02
0.4304015372913247,4.003362824772809e-05,0.0,0.12410424756795709,0.0,2014-03-13 11:40:02,24979,0.0,0.06009047599983987,0.10809079626886585,0.0900756635573882,0.09808238920693382,0.08911485647944273,0.0,2014-03-13 11:39:02
0.04060812863720289,0.0,0.0,0.012936172201837006,0.0,2014-03-13 11:41:02,85574,0.0035057377240750695,0.013789235048028608,0.023687101222333886,0.011685792413583565,0.025848972818846846,0.14687872484633183,0.7210601350877603,2014-03-13 11:40:02
0.05156371646127262,0.005886485767996506,0.0,0.11579287165562159,0.0,2014-03-13 11:42:02,105326,0.0066460323187057324,0.04747165941932666,0.06431460418130376,0.10157036249359133,0.14666843894195167,0.3157624897935932,0.1443233389666369,2014-03-13 11:41:02
0.07043466011363458,0.009516505188686629,0.0,0.13554759035201677,0.0,2014-03-13 11:43:02,63889,0.1001737388282803,0.06104337209848331,0.047300787302978604,0.1670397094961574,0.1494780009078245,0.10490068712923978,0.15456494858269812,2014-03-13 11:42:02
0.15126278935381895,0.039090383765593664,0.0,0.06631768584928108,0.0,2014-03-13 11:44:02,58838,0.015296237125667085,0.08778340528230055,0.14106529793670758,0.1398415989666542,0.03428056698052279,0.03978721234576294,0.2852748223936912,2014-03-13 11:43:02
0.19638097909945293,0.002711927806611493,0.0,0.06681629026979007,0.0,2014-03-13 11:45:02,21387,0.0,0.22443540468508907,0.26633001355963903,0.159162107822509,0.0,0.05143311357366625,0.03273016318324216,2014-03-13 11:44:02
0.02550442076626615,0.026921333031058717,0.0,0.037888233960553165,0.0,2014-03-13 11:46:02,70576,0.011335298118340512,0.06092722738608025,0.17581047381546136,0.14398662434822035,0.1835184765359329,0.19065971435048742,0.14344819768759917,2014-03-13 11:45:02
0.2371849781344394,0.02141472431360173,0.0,0.08887110590144719,0.0,2014-03-13 11:47:02,88724,0.03944817636716108,0.02366890582029665,0.1682859203823092,0.041702357873856004,0.07970785807673234,0.19389342229836345,0.10582255083179297,2014-03-13 11:46:02
0.036686317456512185,0.0,0.0,0.15653797397087615,0.0,2014-03-13 11:48:02,275307,0.01489246550214851,0.02782348432840429,0.1562183308088788,0.06065955460631223,0.24996821729923321,0.20132070742843444,0.09589294859920017,2014-03-13 11:47:02
0.09935893073457555,0.0068054062146969555,0.0,0.1354275836724694,0.0,2014-03-13 11:49:02,73471,0.017694056158212082,0.027221624858787822,0.17907745913353568,0.07250479781138136,0.19191245525445413,0.1502089259707912,0.1197887601910958,2014-03-13 11:48:02
0.0669594194774051,0.0,0.0,0.17600984147746737,0.0,2014-03-13 11:50:02,64218,0.0,0.04204428664860319,0.20246659815005139,0.13240835902706408,0.07131956772244542,0.2028714690585194,0.10592045843844405,2014-03-13 11:49:02
0.03600131835813706,0.0,0.0,0.1726085743984991,0.0,2014-03-13 11:51:02,197215,0.017240067946150142,0.02261491265877342,0.12721141900971022,0.10296884111249144,0.1765078721192607,0.1758537636589509,0.16899323073802702,2014-03-13 11:50:02
0.03708254866175626,0.0029084351891573534,0.0,0.12709861776617634,0.0,2014-03-13 11:52:02,275062,0.0,0.021467887239967717,0.16572627262217246,0.0631384924126197,0.05447135554893079,0.2776028677170965,0.25050352284212285,2014-03-13 11:51:02
0.042113201555926016,0.0,0.0,0.03583194411367786,0.0,2014-03-13 11:53:02,100776,0.0,0.08831467809795983,0.23672302929268874,0.14868619512582362,0.13520084147019132,0.14854727316027624,0.16458283718345637,2014-03-13 11:52:02
0.02495757212738345,0.0007130734893538128,0.0,0.06638001112394644,0.0,2014-03-13 11:54:02,140238,0.0,0.0278098660847987,0.05136981417304867,0.08136168513527003,0.034042128381751025,0.43432593163051386,0.279039917853934,2014-03-13 11:53:02
0.03071200668839257,0.0,0.0,0.12202903990854647,0.0,2014-03-13 11:55:02,117218,0.0008531112968997935,0.07080823764268286,0.07766725246975721,0.08789605691958573,0.07472401849545292,0.26828644064904705,0.26702383592963536,2014-03-13 11:54:02
0.021255491001842142,0.0,0.0,0.0247980728354825,0.0,2014-03-13 11:56:02,14114,0.014170327334561429,0.16295876434745643,0.07892872325350715,0.15587360068017572,0.44990789287232535,0.03542581833640357,0.056681309338245715,2014-03-13 11:55:02
0.053752603641738894,0.0,0.0,0.0,0.0,2014-03-13 11:57:02,14883,0.18699186991869918,0.060471679096956256,0.08734798091782571,0.35611099912652017,0.25532486729825976,0.0,0.0,2014-03-13 11:56:02
0.049115667553607766,0.0,0.0,0.10931914227578651,0.0,2014-03-13 11:58:02,159725,0.0018782282047268744,0.06129284708092033,0.18506182501173893,0.13908905932070748,0.1361715448426984,0.15077789951479104,0.1672937861950227,2014-03-13 11:57:02
0.19930795847750865,0.007689350249903883,0.0,0.14609765474817377,0.0,2014-03-13 11:59:02,13005,0.0,0.0,0.0,0.0,0.6459054209919262,0.0009996155324875047,0.0,2014-03-13 11:58:02
0.0358910659334486,0.0018725773530494923,0.0,0.05269432671481271,0.0,2014-03-13 12:00:02,160207,0.05867409039555076,0.07876060346926164,0.08942181053262342,0.1287396930221526,0.2303707078966587,0.23897207987166602,0.08460304481077606,2014-03-13 11:59:02
0.0653905992173872,0.0,0.0,0.0,0.0,2014-03-13 12:01:02,21211,0.0,0.042430814200179155,0.47729951440290413,0.06600348875583424,0.2498703502899439,0.09900523313375136,0.0,2014-03-13 12:00:02
0.09098294069861901,0.0,0.0,0.21809397580059003,0.0,2014-03-13 12:02:02,46778,0.0,0.07695925435033563,0.08764803967677114,0.04703065543631622,0.04703065543631622,0.2954380264226773,0.13681645217837446,2014-03-13 12:01:02
0.8644986449864499,0.03387533875338753,0.0,0.0,0.0,2014-03-13 12:03:02,2952,0.0,0.0,0.1016260162601626,0.0,0.0,0.0,0.0,2014-03-13 12:02:02
0.038877369668246446,0.001851303317535545,0.00740521327014218,0.1758182760663507,0.0,2014-03-13 12:04:02,108032,0.0027769549763033176,0.0805316943127962,0.1731153732227488,0.051938314573459717,0.10802354857819906,0.18599118779620852,0.17367076421800948,2014-03-13 12:03:02
0.2331288343558282,0.0,0.0,0.0,0.0,2014-03-13 12:05:02,16300,0.0,0.13282208588957056,0.024539877300613498,0.09815950920245399,0.45613496932515335,0.05521472392638037,0.0,2014-03-13 12:04:02
0.014000607072393383,0.0018971012293215966,0.0,0.13783705165174281,0.0,2014-03-13 12:06:02,158136,0.014367379976728892,0.05817777103252896,0.038814691151919864,0.09515859766277128,0.034868720594930944,0.13162720696109678,0.4732508726665655,2014-03-13 12:05:02
0.07189091928775061,0.0,0.0,0.04102210590269664,0.0,2014-03-13 12:07:02,85588,0.0,0.03021451605365238,0.06544141702107772,0.011765668084310885,0.03680422489133991,0.623159788755433,0.11970136000373884,2014-03-13 12:06:02
0.030877897215199644,0.0009649342879749889,0.004824671439874945,0.04345099098751375,0.0,2014-03-13 12:08:02,103634,0.07719474303799911,0.02508829148734971,0.12450547117741281,0.07322886311442191,0.13702066889244843,0.39207209988999747,0.09077136846980721,2014-03-13 12:07:02
0.36542899097965176,0.005244388504300398,0.0,0.5663939584644431,0.0,2014-03-13 12:09:02,19068,0.0,0.0,0.03671071953010279,0.005244388504300398,0.010488777008600797,0.010488777008600797,0.0,2014-03-13 12:08:02
0.04108828038198107,0.002461218232704668,0.0010548078140162863,0.0478390503916853,0.0,2014-03-13 12:10:02,284412,0.008790065116802385,0.04254391516532355,0.04390461724540455,0.07278173916712374,0.05906572155886531,0.4210370870427408,0.2594334978833523,2014-03-13 12:09:02
0.10062347385252303,0.0029748255388772514,0.0,0.13637096074469798,0.0,2014-03-13 12:11:02,80677,0.0,0.029215265813057004,0.11539844069561338,0.07396159996033566,0.050522453735265316,0.24672459313063203,0.24420838652899834,2014-03-13 12:10:02
0.06652662311074715,0.0017802146938920833,0.007120858775568333,0.15137165542164385,0.0,2014-03-13 12:12:02,56173,0.0035604293877841667,0.10503266693963292,0.08324283908639382,0.023142791020597082,0.09524148612322646,0.331226745945561,0.13175368949495309,2014-03-13 12:11:02
0.12068577262013781,0.0026121811712780173,0.0030025070934230082,0.17918962333548513,0.0,2014-03-13 12:13:02,66611,0.0030025070934230082,0.0765639308822867,0.08708771824473435,0.03449880650343037,0.18240230592544776,0.22374682860188258,0.08720781852847127,2014-03-13 12:12:02
0.03177126215960723,0.0007623578202665203,0.0007623578202665203,0.13508218217302473,0.0,2014-03-13 12:14:02,262344,0.03087549172079407,0.016009514225596926,0.14779068703686762,0.020964840057329306,0.12007135669197695,0.31584103314731804,0.18006891714695208,2014-03-13 12:13:02
0.021710811984368215,0.0014473874656245477,0.0,0.0,0.0,2014-03-13 12:15:02,69090,0.0,0.028947749312490955,0.25039803155304674,0.02460558691561731,0.39298017079172093,0.12518454190186712,0.15472572007526414,2014-03-13 12:14:02
0.09959623149394348,0.0,0.0,0.03230148048452221,0.0,2014-03-13 12:16:02,37150,0.0026917900403768506,0.04306864064602961,0.0,0.047106325706594884,0.6783310901749664,0.09690444145356662,0.0,2014-03-13 12:15:02
0.005428586938819825,0.0,0.005428586938819825,0.06791162260463601,0.0,2014-03-13 12:17:02,36842,0.0027142934694099124,0.0868573910211172,0.08148308995168557,0.05157157591878834,0.16920905488301397,0.31496661419032623,0.2144291840833831,2014-03-13 12:16:02
0.05211065573770492,0.00819672131147541,0.0,0.018524590163934426,0.0,2014-03-13 12:18:02,48800,0.0,0.10040983606557377,0.03137295081967213,0.0389344262295082,0.24385245901639344,0.3057172131147541,0.2008811475409836,2014-03-13 12:17:02
0.058530875036581796,0.0,0.005487269534679543,0.13634035703833772,0.0,2014-03-13 12:19:02,54672,0.0,0.04508706467661692,0.11250731635937958,0.08230904302019315,0.31094527363184077,0.0933201638864501,0.15547263681592038,2014-03-13 12:18:02
0.015366631360001756,0.0016464247885716167,0.001097616525714411,0.0726677020849226,0.0,2014-03-13 12:20:02,182213,0.001097616525714411,0.015366631360001756,0.04057888295566178,0.046648702342862475,0.11607294759429898,0.4820512257632551,0.20740561869899513,2014-03-13 12:19:02
0.08018627561997509,0.0,0.002830936473785528,0.06522477635601857,0.0,2014-03-13 12:21:02,70648,0.004246404710678293,0.058034197712603326,0.15404540822103951,0.060284792209262826,0.1759568565281395,0.3375184010870796,0.061671951081417736,2014-03-13 12:20:02
0.0,0.0,0.0,0.0,0.0,2014-03-13 12:22:02,6600,0.030303030303030304,0.07575757575757576,0.0,0.0,0.8181818181818182,0.07575757575757576,0.0,2014-03-13 12:21:02
0.1795082684399335,0.0034998687549216904,0.0,0.10678099571266078,0.0,2014-03-13 12:23:02,57145,0.0017499343774608452,0.10063872604777321,0.09276402134919941,0.048998162568903665,0.1886604252340537,0.12253040510980838,0.1548691924052848,2014-03-13 12:22:02
0.23240792006116692,0.0026365050489071686,0.0,0.0,0.0,2014-03-13 12:24:02,37929,0.0,0.05138548340320072,0.01581903029344301,0.07867331065938991,0.5721215956128556,0.023227609480872154,0.02372854544016452,2014-03-13 12:23:02
0.07374610270354921,0.002372783227269923,0.0,0.030656359296327405,0.0,2014-03-13 12:25:02,210723,0.01566036929998149,0.07065199337518922,0.01662846485670762,0.07385999629845817,0.27375274649658554,0.12788827038339431,0.31478291406253706,2014-03-13 12:24:02
0.46383413178355454,0.01413649571978324,0.0,0.03926804366606455,0.0,2014-03-13 12:26:02,12733,0.007853608733212912,0.09008089216995209,0.23560826199638735,0.015707217466425824,0.0628288698657033,0.015707217466425824,0.05497526113249038,2014-03-13 12:25:02
0.036600985221674875,0.0024630541871921183,0.0,0.022167487684729065,0.0,2014-03-13 12:27:02,40600,0.0,0.14039408866995073,0.033349753694581284,0.16280788177339903,0.20566502463054187,0.2315270935960591,0.16502463054187191,2014-03-13 12:26:02
0.02804737044952875,0.0,0.0014014925896079324,0.053656143793139696,0.0,2014-03-13 12:28:02,285410,0.0017518657370099156,0.03135839669247749,0.07734136855751375,0.022861847867979398,0.16493465540800953,0.1686906555481588,0.44995620335657477,2014-03-13 12:27:02
0.07702607323756538,0.001556921032965208,0.0,0.09385638960391929,0.0,2014-03-13 12:29:02,192688,0.01864672423814664,0.08337312131528689,0.09238769409615544,0.07508511168313543,0.17470210910902598,0.2073507431703064,0.1760151125134933,2014-03-13 12:28:02
0.12811959143776958,0.0008967564319855084,0.0017935128639710168,0.052343672934994125,0.0,2014-03-13 12:30:02,111513,0.0,0.04932160375920296,0.09292190148233838,0.028247827607543515,0.03551155470662613,0.3393864392492355,0.27145713952633327,2014-03-13 12:29:02
0.19742852309253933,0.0003075929315144338,0.0,0.04004859968317928,0.0,2014-03-13 12:31:02,65021,0.006151858630288676,0.021531505206010364,0.14184648036788114,0.15687239507236123,0.16339336522046724,0.09249319450639025,0.17992648528936805,2014-03-13 12:30:02
0.2556950255695026,0.0014528126452812646,0.002905625290562529,0.007322175732217573,0.0,2014-03-13 12:32:02,68832,0.0,0.04794281729428173,0.1114452580195258,0.2025801952580195,0.1932240818224082,0.09701882845188285,0.080413179916318,2014-03-13 12:31:02
0.07653357781892486,0.0017976881730095097,0.0011984587820063398,0.10129972854908588,0.0,2014-03-13 12:33:02,166881,0.0008628903230445647,0.06430929824246019,0.07915820255151874,0.055129103972291635,0.11804819002762447,0.29651068725618857,0.20515217430384525,2014-03-13 12:32:02
0.15690636265231336,0.006951547712444263,0.0,0.05070657517105773,0.0,2014-03-13 12:34:02,100697,0.02085464313733279,0.15543660685025373,0.10034062583790977,0.15931954278677618,0.18650009434243325,0.07833401193680051,0.08464998957267843,2014-03-13 12:33:02
0.009391729017312087,0.0,0.0,0.021914034373728204,0.0,2014-03-13 12:35:02,31943,0.0,0.012522305356416116,0.07826440847760073,0.10643959552953698,0.6618977553767649,0.050089221425664465,0.05948095044297655,2014-03-13 12:34:02
0.03174499011557801,0.0010937119764195698,0.0,0.0886098100495725,0.0,2014-03-13 12:36:02,365727,0.03035050734564306,0.08054368422347817,0.20646821262854534,0.045572243777462426,0.1822944436697318,0.17264516975777014,0.160677226455799,2014-03-13 12:35:02
0.1526027397260274,0.0030441400304414,0.0,0.0091324200913242,0.0,2014-03-13 12:37:02,32850,0.0030441400304414,0.4324200913242009,0.015951293759512937,0.1035007610350076,0.13917808219178082,0.015220700152207,0.12590563165905633,2014-03-13 12:36:02
0.03637060472974294,0.000782163542575117,0.000782163542575117,0.10167343889933947,0.0,2014-03-13 12:38:02,255701,0.0010793856887536615,0.023680001251461667,0.1062490956234039,0.03047309161872656,0.2541757756129229,0.29414433263851136,0.1505899468519873,2014-03-13 12:37:02
0.11356293325064269,0.004561322783607246,0.0,0.04304248231987276,0.0,2014-03-13 12:39:02,99971,0.0030008702523731884,0.1634674055476088,0.07055045963329365,0.12233547728841364,0.13782997069150055,0.1951665983135109,0.14648247991917657,2014-03-13 12:38:02
0.023060564287643998,0.0013854349226580954,0.0,0.013771223131221469,0.0,2014-03-13 12:40:02,144359,0.0034635873066452385,0.049875657215691434,0.03498223179711691,0.06337672053699457,0.3541725836283155,0.10640832923475502,0.34950366793895776,2014-03-13 12:39:02
0.02059718977092063,0.0003389954149797354,0.0006436621803412697,0.04544898655389705,0.0,2014-03-13 12:41:02,466083,0.03565888479090634,0.03152442805251425,0.12017602015091733,0.06058577549492258,0.23086660530420547,0.217508469521523,0.23665098276487234,2014-03-13 12:40:02
0.0770275313867338,0.0007940982617189051,0.0,0.0036369700386725853,0.0,2014-03-13 12:42:02,125929,0.0,0.15457916762620208,0.03177187145137339,0.13420260623049496,0.35496192298835055,0.21075367866019742,0.0322721533562563,2014-03-13 12:41:02
0.0,0.005051473879404054,0.0,0.01918281220026856,0.0,2014-03-13 12:43:02,15639,0.012788541466845707,0.07481296758104738,0.15346249760214847,0.23607647547797173,0.44120468060617685,0.0,0.057420551186137224,2014-03-13 12:42:02
0.07262709742048586,0.0,0.0,0.12977255651936342,0.0,2014-03-13 12:44:02,87846,0.0011383557589417844,0.0512260091523803,0.08936092707693008,0.0798670400473556,0.22880950754729867,0.3039409876374565,0.04325751883978781,2014-03-13 12:43:02
0.04385866264816356,0.0011245810935426553,0.0,0.0338386451046985,0.0,2014-03-13 12:45:02,88922,0.0,0.04835698702233418,0.14938935246620633,0.06185196014484604,0.06952160320280695,0.3615528215739637,0.23050538674343807,2014-03-13 12:44:02
0.06460113260663197,0.0011457003502569642,0.0,0.09919637304003405,0.0,2014-03-13 12:46:02,610980,0.022313332678647418,0.050738158368522704,0.13414187043765755,0.05421617728894563,0.26281875020458934,0.20626370748633344,0.10456479753838097,2014-03-13 12:45:02
0.03591999451945068,0.002766623454643185,0.00026348794806125566,0.05798315785035992,0.0,2014-03-13 12:47:02,759048,0.008036382415868298,0.036050421053741004,0.33003841654282734,0.029288002866748875,0.15375443977192482,0.11906625140966053,0.2268328221667141,2014-03-13 12:46:02
0.030525595366345165,0.0003168527648572261,0.00047527914728583923,0.12307511945349235,0.0,2014-03-13 12:48:02,631208,0.02075860888962117,0.03394760522680321,0.10378987592045728,0.062131658660853475,0.272833994499436,0.28720643591335976,0.0649389741574885,2014-03-13 12:47:02
0.029041365028231587,0.0022125068587712624,0.0006637520576313787,0.10953678956404765,0.0,2014-03-13 12:49:02,451976,0.0013275041152627574,0.01994574933182293,0.21744296157318088,0.04610864293679311,0.22233481423792414,0.251741242897853,0.09964467139848134,2014-03-13 12:48:02
0.0322061773689252,0.0,0.0,0.09169749843151734,0.0,2014-03-13 12:50:02,387317,0.023236780208459738,0.03751707257879205,0.10982218699411593,0.051849002238476494,0.2116070299005724,0.36329414923692993,0.0787701030422109,2014-03-13 12:49:02
0.0878077966556288,0.0,0.0,0.058476636510245275,0.0,2014-03-13 12:51:02,290817,0.018912236904995237,0.03734307141604514,0.22842199733853247,0.015473648376814286,0.19948627487388976,0.22763799915410723,0.12644033876974178,2014-03-13 12:50:02
0.03211453840456585,0.0,0.0005445911209863635,0.13538535267720994,0.0,2014-03-13 12:52:02,183624,0.0016337733629590903,0.03649305101729621,0.26044525770051846,0.031041693896222716,0.17950812529952512,0.16346447087526686,0.1593691456454494,2014-03-13 12:51:02
0.030003529827038473,0.0,0.0,0.14655841863748675,0.0,2014-03-13 12:53:02,56660,0.0,0.06745499470525944,0.07158489234027533,0.0741263678079774,0.1284680550653018,0.06530180021178962,0.4165019414048712,2014-03-13 12:52:02
0.046105843428530136,0.002064633346925503,0.0,0.11912160174255054,0.0,2014-03-13 12:54:02,387478,0.040518429433412995,0.03063399728500715,0.1579909052901068,0.05950531385007665,0.1515389260809646,0.27902229287856345,0.1134980566638622,2014-03-13 12:53:02
0.033006568307093115,0.003300656830709311,0.0,0.10232036175198865,0.0,2014-03-13 12:55:02,30297,0.0,0.20299039508862263,0.08908472786084431,0.2673532032874542,0.16991781364491534,0.049509852460639665,0.08251642076773277,2014-03-13 12:54:02
0.03966981476424417,0.0005407553811919871,0.0,0.08336014578765077,0.0,2014-03-13 12:56:02,369853,0.0167634168169516,0.036676733729346524,0.11894455364698948,0.12634749481550778,0.09462678415478581,0.19315241460796587,0.289917886295366,2014-03-13 12:55:02
0.06407917992223401,0.0004713090609166961,0.0009426181218333922,0.09281960645693413,0.0,2014-03-13 12:57:02,212175,0.049016142335336396,0.048073524213503006,0.15048898315070108,0.07274655355249204,0.14828325674561094,0.24533050547896784,0.12774832096147049,2014-03-13 12:56:02
0.06380159340389681,0.0,0.0,0.037893783979801615,0.0,2014-03-13 12:58:02,183381,0.0005453127641358701,0.03544532966883156,0.186518777845033,0.0651103440378229,0.21703448012607632,0.239179631477634,0.15447074669676794,2014-03-13 12:57:02
0.007724519250315079,0.0,0.0,0.14294832703175184,0.0,2014-03-13 12:59:02,245970,0.0004065536447534252,0.02114078952717811,0.21487986339797535,0.042273447981461154,0.1288775053868358,0.21450583404480222,0.22724315973492704,2014-03-13 12:58:02
0.018379818958783257,0.00043077700684648255,0.0,0.10489132932040619,0.0,2014-03-13 13:00:02,174104,0.0,0.024697881725865,0.11087051417543538,0.04250333134218628,0.10281211230069384,0.28209001516335064,0.31332422000643295,2014-03-13 12:59:02
0.0724842438910525,0.01781392434610612,0.0,0.0734056537710235,0.0,2014-03-13 13:01:02,81397,0.002457093013256017,0.03858864577318574,0.15233976682187303,0.053171492806860204,0.06141503986633414,0.10201850191038982,0.4263056377999189,2014-03-13 13:00:02
0.018657368113028903,0.006332494788458926,0.0,0.00939660516997131,0.0,2014-03-13 13:02:02,979077,0.0005260056154929592,0.02776798964739239,0.04833327715797634,0.04691255131108176,0.07286250213211014,0.05410299700636416,0.7151082090581231,2014-03-13 13:01:02
0.03548200360949365,0.0004256478360064017,0.0,0.10262794973950352,0.0,2014-03-13 13:03:02,234936,0.0025538870160384105,0.045225082575680184,0.20632001906902306,0.04639561412469779,0.17883168181972964,0.24716944189055742,0.13496867231926993,2014-03-13 13:02:02
0.05152551196089224,0.008947284228106945,0.0,0.08930745308776201,0.0,2014-03-13 13:04:02,368827,0.04636320009109962,0.054947170353580405,0.1271165071971412,0.07680294555441983,0.1458271764268885,0.19694870494839042,0.20221404615171884,2014-03-13 13:03:02
0.09531844464028545,0.0,0.00107473722674806,0.08572104120542527,0.0,2014-03-13 13:05:02,186092,0.00268146938073641,0.03233884315284913,0.1096446918728371,0.040840014616426286,0.1732637620101885,0.24111729682092728,0.2179996990735765,2014-03-13 13:04:02
0.08869927281257331,0.0018326296035655642,0.0,0.06083597231996247,0.0,2014-03-13 13:06:02,136416,0.005864414731409805,0.05058057705840957,0.09236453201970443,0.04178395496129486,0.28881509500351865,0.1684039995308468,0.2008195519587145,2014-03-13 13:05:02
0.058113599422069714,0.0428932635000903,0.0009030160736861117,0.05777496839443742,0.0,2014-03-13 13:07:02,221480,0.010836192884233339,0.07803413400758534,0.177275600505689,0.12338360122810187,0.17267473361025826,0.18016525194148456,0.09794563843236409,2014-03-13 13:06:02
0.021728738429446785,0.0021728738429446785,0.0,0.11086002346703751,0.0,2014-03-13 13:08:02,46022,0.0,0.2689583242796923,0.03341879970448916,0.0304202338012255,0.15659901786102298,0.23684324888096997,0.1389987397331711,2014-03-13 13:07:02
0.08366035807850768,0.000543531432422737,0.0,0.048271026513463273,0.0,2014-03-13 13:09:02,183982,0.002174125729690948,0.05012446869802481,0.1026296050700612,0.05702188257546934,0.22241849746170822,0.2566066245610984,0.17654987987955342,2014-03-13 13:08:02
0.026346831669880555,0.0021190481235828867,0.0014126987490552577,0.060117395266046494,0.0,2014-03-13 13:10:02,141573,0.0009323811743764701,0.034279135145825826,0.15042416279940385,0.06355025322625077,0.117755504227501,0.21119846298376102,0.33186412663431586,2014-03-13 13:09:02
0.17507091365697663,0.0,0.0,0.13237818208097707,0.0,2014-03-13 13:11:02,55349,0.0,0.04336121700482393,0.20648972881172198,0.08491571663444687,0.09400350503170789,0.22583967190012466,0.03794106487922094,2014-03-13 13:10:02
0.052179387961226176,0.00032792476094284926,0.00032792476094284926,0.07381586368823537,0.0,2014-03-13 13:12:02,304948,0.001311699043771397,0.03494366252607002,0.10807416346393484,0.05411414405078899,0.2618052913939426,0.226681270249354,0.18641866810079094,2014-03-13 13:11:02
0.0430282854360577,0.0,0.0022646466018977737,0.019793011300586544,0.0,2014-03-13 13:13:02,44157,0.0,0.03170505242656883,0.05446475077564146,0.08379192427021763,0.15909142378331861,0.2924111692370406,0.3134497361686709,2014-03-13 13:12:02
0.052569025415980984,0.04525507405375754,0.0009142439202779302,0.08372645821905285,0.0,2014-03-13 13:14:02,218760,0.002285609800694825,0.023701773633205338,0.11842658621320168,0.04136953739257634,0.15483177911866886,0.26717407204242094,0.20974584019016274,2014-03-13 13:13:02
0.06091846298031865,0.0,0.0,0.004686035613870665,0.0,2014-03-13 13:15:02,21340,0.03748828491096532,0.14526710402999063,0.3233364573570759,0.1091377694470478,0.09423617619493908,0.0,0.22492970946579194,2014-03-13 13:14:02
0.05373014398005926,0.01967836800734659,0.00027331066676870267,0.09881273846355676,0.0,2014-03-13 13:16:02,365884,0.0,0.023698767915514205,0.09412546052847351,0.05401712018016639,0.15574061724480984,0.18011172940057504,0.31981174361272974,2014-03-13 13:15:02
0.07009838726037124,5.071508266558474e-05,0.0,0.07712749771782128,0.0,2014-03-13 13:17:02,98590,0.001014301653311695,0.0857592047875038,0.10448321330763768,0.16330256618318287,0.07201541738513034,0.2290901714169794,0.19705852520539607,2014-03-13 13:16:02
0.08118646587309755,0.0,0.0022869427006506353,0.2918596274570341,0.0,2014-03-13 13:18:02,87453,0.005717356751626588,0.01065715298503196,0.14064697609001406,0.04459538266268739,0.1314534664333985,0.09040284495671962,0.20119378408973962,2014-03-13 13:17:02
0.0075815011372251705,0.06254738438210766,0.0,0.10614101592115238,0.0,2014-03-13 13:19:02,26380,0.03411675511751327,0.05288097043214556,0.2047005307050796,0.17816527672479152,0.06766489764973464,0.13078089461713419,0.155420773313116,2014-03-13 13:18:02
0.04222097049419327,0.019010619439704446,0.0,0.011596892032935173,0.0,2014-03-13 13:20:02,120722,0.003313397723695764,0.050413346366031044,0.24728715561372408,0.10783452891767864,0.20552177730653898,0.1358493066715263,0.17695200543397227,2014-03-13 13:19:02
0.030803928958402036,0.013838507561124983,0.0017666179865265935,0.19356538842040796,0.0,2014-03-13 13:21:02,339632,0.00529985395957978,0.029149196777688794,0.13202819522306497,0.03806472888302633,0.11594608281905121,0.25667487162575964,0.1828626277853677,2014-03-13 13:20:02
0.020839471396029003,0.0,0.001437204923864069,0.14122694184350276,0.0,2014-03-13 13:22:02,139159,0.0,0.06539282403581514,0.1395813422056784,0.04239754525399004,0.27917705646059543,0.21272070078112087,0.09722691309940427,2014-03-13 13:21:02
0.05986952861952862,0.0010521885521885522,0.0,0.0507996632996633,0.0,2014-03-13 13:23:02,95040,0.0010521885521885522,0.0242003367003367,0.10446127946127946,0.07575757575757576,0.39609638047138046,0.13783670033670034,0.14887415824915826,2014-03-13 13:22:02
0.09815061399615328,0.109483651427726,0.0014795088030773783,0.042964935641367066,0.0,2014-03-13 13:24:02,67590,0.03698772007693446,0.03698772007693446,0.07199289835774522,0.025151649652315432,0.07249593135079153,0.18789761799082705,0.31640775262612814,2014-03-13 13:23:02
0.05714174424492657,0.0012983809189940144,0.0,0.10654513821264883,0.0,2014-03-13 13:25:02,77019,0.006491904594970072,0.07981147509056206,0.051727495812721534,0.06102390319271868,0.20384580428206028,0.28341058699801347,0.1487035666523845,2014-03-13 13:24:02
0.08544061876995489,0.0,0.004496874672102889,0.1320282403729408,0.0,2014-03-13 13:26:02,66713,0.0,0.022484373360514443,0.052463537841200364,0.026336695996282584,0.15514217618754966,0.1454888852247688,0.3761185975746856,2014-03-13 13:25:02
0.12798049506177941,0.04821135859608524,0.0027549347769191563,0.05653126162238109,0.0,2014-03-13 13:27:02,72597,0.08055429287711613,0.04683389120762566,0.0764218907117374,0.015386310729093489,0.14412441285452568,0.2699836081380773,0.1312175434246594,2014-03-13 13:26:02
0.0811945228101562,0.0,0.0,0.1431087868987821,0.0,2014-03-13 13:28:02,72665,0.0,0.1059657331590174,0.1857840776164591,0.026147388701575725,0.08746989609853437,0.24412027798802724,0.12620931672744787,2014-03-13 13:27:02
0.04426118759754933,0.0,0.004659072378689403,0.0979104060381578,0.0,2014-03-13 13:29:02,42927,0.0069886085680341044,0.09318144757378806,0.07221562186968575,0.1396323991893214,0.16134367647401401,0.11889952710415357,0.26090805320660654,2014-03-13 13:28:02
0.032602175217130484,0.019561305130278293,0.00043469566956173984,0.12256244403293254,0.0,2014-03-13 13:30:02,230046,0.0034775653564939188,0.04738182798222964,0.07440251080218739,0.07292454552567747,0.11759387252984185,0.16896185980195266,0.340097197951714,2014-03-13 13:29:02
0.22005658597925182,0.22005658597925182,0.0,0.03143665513989312,0.0,2014-03-13 13:31:02,3181,0.0,0.0,0.12574662055957248,0.0,0.24552027664256523,0.0,0.15718327569946558,2014-03-13 13:30:02
0.05060805196767128,0.012085504947503588,0.0,0.17601027267920538,0.0,2014-03-13 13:32:02,66195,0.0,0.046196842661832466,0.14856106956718784,0.03751038598081426,0.07402371780345948,0.2563486668177355,0.19865548757459023,2014-03-13 13:31:02
0.11284326283232841,0.021868849386110157,0.0,0.06257615045768378,0.0,2014-03-13 13:33:02,32009,0.0,0.018744728045237278,0.02830453934830829,0.1622043800181199,0.06413821112812021,0.1717329501077822,0.3575869286763098,2014-03-13 13:32:02
0.007526153383005945,0.0056446150372544595,0.0,0.0884699330172349,0.0,2014-03-13 13:34:02,53148,0.009727553247535185,0.05091442763603522,0.04590953563633627,0.07249567246180477,0.13057876119515316,0.35564837811394595,0.23308497027169414,2014-03-13 13:33:02
0.048405876735089025,0.03139840653086856,0.0,0.09948061802530188,0.0,2014-03-13 13:35:02,76437,0.0,0.12166882530711566,0.05900283893925717,0.10596962204168138,0.14220861624605885,0.15048994596857543,0.24137525020605205,2014-03-13 13:34:02
0.07207397250641634,0.0,0.0,0.09738775797208452,0.0,2014-03-13 13:36:02,85329,0.0,0.08364096614281194,0.16130506627289667,0.09382507705469419,0.1224671565352928,0.22563255165301363,0.1436674518627899,2014-03-13 13:35:02
0.07022300657789186,0.0016043638697256538,0.0,0.04675918498315418,0.0,2014-03-13 13:37:02,124660,0.0,0.1066099791432697,0.1115754853200706,0.11036419059842772,0.25790149205839885,0.20525429167335152,0.08970800577570993,2014-03-13 13:36:02
0.030233884768967486,0.0,0.0,0.02852253280091272,0.0,2014-03-13 13:38:02,3506,0.0,0.0,0.02852253280091272,0.0,0.8841985168282943,0.02852253280091272,0.0,2014-03-13 13:37:02
0.018376249577784644,0.0064679799061424246,0.0,0.0948277720683881,0.0,2014-03-13 13:39:02,139147,0.000718664434015825,0.03923907809726405,0.1315658979352771,0.06820844143244195,0.12289161821670608,0.27263972633258354,0.24506457199939632,2014-03-13 13:38:02
0.006069942289563838,0.032327041133055893,0.0,0.30600326489320123,0.0,2014-03-13 13:40:02,43493,0.003149932172993355,0.05058285241303198,0.17501666934909066,0.0436851907203458,0.04540960614351735,0.26889384498654956,0.06886165589865036,2014-03-13 13:39:02
0.0599517087223132,0.0,0.0,0.09866242723436809,0.0,2014-03-13 13:41:02,167318,0.0029883216390346524,0.040802543659379145,0.06631683381345702,0.16019196978209158,0.058869936288982655,0.25954171099343765,0.252674547866936,2014-03-13 13:40:02
0.05482585114029929,0.09409919623603215,0.0,0.021002417826569954,0.0,2014-03-13 13:42:02,76515,0.0,0.007488727700450892,0.08987780173822127,0.010455466248448017,0.07181598379402732,0.3171665686466706,0.33326798666928054,2014-03-13 13:41:02
0.09617883557561724,0.007816240193061133,0.0,0.07167492257037059,0.0,2014-03-13 13:43:02,102351,0.002931090072397925,0.03566159588084142,0.06434719738937578,0.057009701908139636,0.1432814530390519,0.3262987171595783,0.19480024621156608,2014-03-13 13:42:02
0.043366559126360955,0.011170174320426307,0.0,0.201759630990006,0.0,2014-03-13 13:44:02,152191,0.0,0.04183558817538488,0.12092699305477984,0.0993751273071338,0.22011814102016544,0.16575224553357296,0.09569554047216984,2014-03-13 13:43:02
0.0,0.0,0.0,0.0975461849998917,0.0,2014-03-13 13:45:02,46173,0.0,0.060186689190652544,0.038983821713988696,0.004331535745998744,0.09962532215797111,0.32023043770168713,0.37909600848981007,2014-03-13 13:44:02
0.07979253939756632,0.01227577529193328,0.0,0.06044284859365649,0.0,2014-03-13 13:46:02,65169,0.05217204499071645,0.09153124952047753,0.013810247203424941,0.09120901041906428,0.18900090533842778,0.06044284859365649,0.34932253065107643,2014-03-13 13:45:02
0.14285714285714285,0.0,0.0,0.17142857142857143,0.0,2014-03-13 13:47:02,1750,0.0,0.0,0.2857142857142857,0.0,0.4,0.0,0.0,2014-03-13 13:46:02
0.03688434173514974,0.0,0.0,0.15721692129501957,0.0,2014-03-13 13:48:02,145048,0.005515415586564447,0.09514091886823672,0.11033588880922178,0.06477166179471623,0.1127213060504109,0.25018614527604655,0.16722740058463406,2014-03-13 13:47:02
0.024390243902439025,0.0,0.0,0.0,0.0,2014-03-13 13:49:02,4100,0.0,0.8048780487804879,0.0,0.17073170731707318,0.0,0.0,0.0,2014-03-13 13:48:02
0.6526315789473685,0.0,0.0,0.0,0.0,2014-03-13 13:50:02,9500,0.0,0.1368421052631579,0.05263157894736842,0.15789473684210525,0.0,0.0,0.0,2014-03-13 13:49:02
0.05248691280266302,0.007507009765328251,0.0,0.1409342670478874,0.0,2014-03-13 13:51:02,144798,0.0005110567825522452,0.08892388016409067,0.14965676321496152,0.086782966615561,0.16471221978204117,0.15831710382740094,0.15016781999751377,2014-03-13 13:50:02
0.01598976654940838,0.0,0.0,0.0719539494723377,0.0,2014-03-13 13:52:02,50032,0.017988487368084425,0.049968020466901186,0.0,0.06897585545251039,0.6162056283978254,0.15891829229293253,0.0,2014-03-13 13:51:02
0.0796646249885727,0.0,0.0,0.08358255736505987,0.0,2014-03-13 13:53:02,76571,0.0,0.049627143435504305,0.16455315981246163,0.11967977432709512,0.2234135638818874,0.1593292499771454,0.12014992621227358,2014-03-13 13:52:02
0.05363711079074655,0.001347327575753493,0.0,0.05944409264224411,0.0,2014-03-13 13:54:02,74221,0.006736637878767464,0.053893103030139715,0.1702213659206963,0.04041982727260479,0.19466188814486465,0.1905525390388165,0.22908610770536642,2014-03-13 13:53:02
0.16766070245195494,0.0,0.0,0.013741082914279031,0.0,2014-03-13 13:55:02,51306,0.01559271820060032,0.14553853350485324,0.12571629049234007,0.08377187853272522,0.02826180173858808,0.3389272209877987,0.08078977117686041,2014-03-13 13:54:02
0.05977917981072555,0.0031545741324921135,0.0,0.07097791798107256,0.0,2014-03-13 13:56:02,63400,0.015772870662460567,0.1277602523659306,0.06152996845425868,0.043848580441640375,0.43574132492113565,0.028391167192429023,0.1530441640378549,2014-03-13 13:55:02
0.07230209882664022,0.0,0.0,0.030986613782845812,0.0,2014-03-13 13:57:02,48408,0.0,0.1487357461576599,0.014460419765328044,0.0020657742521897208,0.09729796727813585,0.6341513799372005,0.0,2014-03-13 13:56:02
0.014598540145985401,0.0,0.0,0.10386050283860503,0.0,2014-03-13 13:58:02,61650,0.0,0.1345823195458232,0.04472019464720195,0.07948094079480941,0.16887266828872669,0.23393349553933496,0.21995133819951337,2014-03-13 13:57:02
0.23529411764705882,0.0,0.0,0.0,0.0,2014-03-13 13:59:02,6800,0.0,0.029411764705882353,0.08823529411764706,0.014705882352941176,0.47058823529411764,0.04411764705882353,0.11764705882352941,2014-03-13 13:58:02
0.020946048327435757,0.0,0.4634870268198551,0.06436676084960738,0.0,2014-03-13 14:00:02,224386,0.00875277423725188,0.04530140026561372,0.0879466633390675,0.022728690738281355,0.046571532983341206,0.12175447666075423,0.11814462577879191,2014-03-13 13:59:02
0.360173016137082,0.03859590750291133,0.0,0.0,0.0,2014-03-13 14:01:02,6011,0.0,0.18299783729828648,0.2495425054067543,0.0,0.08318083513558476,0.08550989851938114,0.0,2014-03-13 14:00:02
0.03527336860670194,0.0,0.0,0.2821869488536155,0.0,2014-03-13 14:02:02,2835,0.0,0.0,0.6349206349206349,0.0,0.047619047619047616,0.0,0.0,2014-03-13 14:01:02
0.019404288347724848,0.0,0.0,0.4948093528669836,0.0,2014-03-13 14:03:02,10307,0.0,0.009702144173862424,0.14659939846706121,0.0,0.31978267197050547,0.009702144173862424,0.0,2014-03-13 14:02:02
0.027598117986405702,0.0,0.0022256546763230406,0.09045060604576836,0.0,2014-03-13 14:04:02,224653,0.045848486332254634,0.07834304460657102,0.09037493378677337,0.13290719465130668,0.09590791131211246,0.30942831833983964,0.12691573226264505,2014-03-13 14:03:02
0.020637898686679174,0.0,0.0,0.0,0.0,2014-03-13 14:05:02,53300,0.00375234521575985,0.14444652908067543,0.05082551594746717,0.2302626641651032,0.5031707317073171,0.0300187617260788,0.016885553470919325,2014-03-13 14:04:02
0.16341670199236966,0.0,0.0,0.0,0.0,2014-03-13 14:06:02,14154,0.0,0.0635862653666808,0.028260562385191465,0.2016391126183411,0.2746220149780981,0.10597710894446799,0.16249823371485092,2014-03-13 14:05:02
0.07040139146279598,0.0005176572901676174,0.0031059437410057046,0.06633778173498017,0.0,2014-03-13 14:07:02,193178,0.010430794396877491,0.10799366387476834,0.16829038503349242,0.11864187433351624,0.0634647837745499,0.12654132458147407,0.26427439977637207,2014-03-13 14:06:02
0.013705388958938655,0.0,0.0,0.1356833506934927,0.0,2014-03-13 14:08:02,72964,0.003179650238473768,0.023299161230195712,0.03662079929828409,0.07812071706595033,0.45775999122855104,0.13513513513513514,0.11649580615097857,2014-03-13 14:07:02
0.01792439059991242,0.0,0.0,0.11919427820756094,0.0,2014-03-13 14:09:02,34255,0.0,0.13428696540651,0.017603269595679462,0.04746752298934462,0.11093271055320392,0.21103488541818713,0.3415559772296015,2014-03-13 14:08:02
0.05195711703327188,0.001789773235731033,0.006264206325058615,0.14767418968016752,0.0,2014-03-13 14:10:02,111746,0.026846598535965494,0.014318185885848263,0.12227730746514416,0.04469063769620389,0.1587797326078786,0.19011866196552896,0.2352835895692016,2014-03-13 14:09:02
0.029529041690665014,0.0018386425058703646,0.002215231934783572,0.109897656284613,0.0,2014-03-13 14:11:02,90284,0.0,0.04248814850914891,0.1174626733418989,0.041003943112843916,0.11942315360418236,0.21908643835009525,0.3170550706658987,2014-03-13 14:10:02
0.0035121402982977827,0.0005853567163829638,0.0,0.022705987028495165,0.0,2014-03-13 14:12:02,170836,0.008780350745744457,0.05267039734013908,0.07573930553279168,0.09248636118850828,0.021500152192746258,0.36171532932168865,0.3603046196352057,2014-03-13 14:11:02
0.01571034949485184,0.037463141103108236,0.003625465268042732,0.05438197902064098,0.0,2014-03-13 14:13:02,82748,0.0,0.022477884661864938,0.12331415865036013,0.023420505631556048,0.12342292260840142,0.47167303137235944,0.12451056218881423,2014-03-13 14:12:02
0.07487645385114561,0.0008319605983460623,0.0016639211966921247,0.0782375746684637,0.0,2014-03-13 14:14:02,120198,0.00427627747549876,0.07812110018469526,0.1294946671325646,0.031539626283299226,0.10735619561057588,0.21074393916704104,0.2828582838316777,2014-03-13 14:13:02
0.0773452378514529,0.0,0.0020477955480924783,0.07569676243523847,0.0,2014-03-13 14:15:02,97666,0.005119488870231196,0.10676182089980137,0.13527737390698913,0.05631437757254316,0.09166956771035979,0.2725513484733684,0.17721622673192308,2014-03-13 14:14:02
0.0413564929693962,0.0,0.0,0.0827129859387924,0.0,2014-03-13 14:16:02,2418,0.0,0.12406947890818859,0.0,0.1315136476426799,0.0,0.6203473945409429,0.0,2014-03-13 14:15:02
0.07697433276132754,0.0,0.0018255504034466392,0.0942896783380189,0.0,2014-03-13 14:17:02,109556,0.0027383256051699586,0.07859907262039505,0.14649129212457557,0.06377560334440834,0.12828142685019533,0.2559604220672533,0.1510642958852094,2014-03-13 14:16:02
0.019207660708131118,0.0,0.0004657531694503181,0.055424627164587854,0.0,2014-03-13 14:18:02,214706,0.0,0.03190409210734679,0.06987229048093672,0.057129283764776016,0.1825798999562192,0.18307359831583653,0.4003427943327154,2014-03-13 14:17:02
0.011858424364179188,0.0,0.0,0.018171291452168697,0.0,2014-03-13 14:19:02,143358,0.010463315615452225,0.018833968107814004,0.16202095453340587,0.05057269214135242,0.18162920799676335,0.21140082869459675,0.3350493170942675,2014-03-13 14:18:02
0.071214657420376,0.0,0.003416117241143716,0.13113335383003677,0.0,2014-03-13 14:20:02,87819,0.0022774114940958107,0.08809027659162595,0.08798779307439164,0.05522722873182341,0.2053314203076783,0.23219348888053837,0.12312825242829001,2014-03-13 14:19:02
0.13642784755704326,0.0,0.0,0.021496790836225164,0.0,2014-03-13 14:21:02,65126,0.0,0.06846727881337715,0.11516137947977766,0.05527746215029328,0.28176150846052267,0.21920584712710744,0.10220188557565335,2014-03-13 14:20:02
0.061099108355559935,0.0003518723125752127,0.0,0.03173888259428419,0.0,2014-03-13 14:22:02,142097,0.0,0.07663778967888132,0.1010577281716011,0.07176787687284038,0.157160249688593,0.24535352611244432,0.25483296621322055,2014-03-13 14:21:02
0.018516318460311265,0.0004808698652998648,0.0,0.11065098465176536,0.0,2014-03-13 14:23:02,176763,0.0005657292532939586,0.07059169622602016,0.15416122152260373,0.01954594570130627,0.1350395727612679,0.32432126632836056,0.16612639522977093,2014-03-13 14:22:02
0.07427532401632239,0.0,0.0,0.10889697020952703,0.0,2014-03-13 14:24:02,94594,0.0,0.05867179736558344,0.12691079772501426,0.10042920269784553,0.06769985411336871,0.22310083091950864,0.24001522295282998,2014-03-13 14:23:02
0.028459715551653452,0.005208313957165338,0.0007440448510236197,0.1000219493231052,0.0,2014-03-13 14:25:02,268801,0.013764829743936965,0.06194173384771634,0.2190802861596497,0.08407706816566902,0.09894308428912095,0.21886823337710798,0.16889074073385144,2014-03-13 14:24:02
0.042328905381847096,0.0066266349947496665,0.000509741153442282,0.1848423370612403,0.0,2014-03-13 14:26:02,196178,0.019879904984249,0.015801975756710742,0.11269867161455413,0.03381113070782656,0.20469165757628277,0.2725280102763816,0.1062810304927158,2014-03-13 14:25:02
0.023373457769170408,9.182429837888376e-05,0.0033390653955957727,0.08848523298328798,0.0,2014-03-13 14:27:02,119794,0.0050085980933936595,0.01014241113912216,0.053400003339065395,0.04507738284054293,0.17617743793512197,0.2565570896706012,0.33834749653571966,2014-03-13 14:26:02
0.0,0.0,0.0,0.0,0.0,2014-03-13 14:28:02,4376,0.0,0.0,0.047989031078610606,0.0,0.9520109689213894,0.0,0.0,2014-03-13 14:27:02
0.017238526037069726,0.0,0.0027581641659311564,0.12286242277140336,0.0,2014-03-13 14:29:02,145024,0.0,0.0013790820829655782,0.18226638349514562,0.024830372903795233,0.051467343336275374,0.3734485326566637,0.22374917255075022,2014-03-13 14:28:02
0.005565078022393874,0.0,0.0,0.07345902989559913,0.0,2014-03-13 14:30:02,89846,0.0,0.008904124835830198,0.12959953698550852,0.03005142132092692,0.02119181710927587,0.6856064822028805,0.045622509627584976,2014-03-13 14:29:02
0.034890247417363206,0.0,0.0022754509185236873,0.05233537112604481,0.0,2014-03-13 14:31:02,131842,0.020479058266713188,0.04892219474825928,0.2837866537218792,0.06907510504998407,0.024271476464252668,0.19765325161936256,0.2663111906676173,2014-03-13 14:30:02
0.044838630204483865,0.0029563932002956393,0.0029563932002956393,0.06707070707070707,0.0,2014-03-13 14:32:02,101475,0.0,0.07452081793545208,0.11598915989159891,0.11792067011579206,0.3033062330623306,0.2048780487804878,0.0655629465385563,2014-03-13 14:31:02
0.03580362428154061,0.0019095266283488323,0.0,0.08806259428287727,0.0,2014-03-13 14:33:02,209476,0.004773816570872081,0.033411942179533693,0.14403559357635243,0.07700166128816667,0.14402127212663982,0.3530332830491321,0.1179466860165365,2014-03-13 14:32:02
0.03839262861530586,0.0,0.0,0.20987970309700538,0.0,2014-03-13 14:34:02,39070,0.0,0.10493985154850269,0.018326081392372663,0.040952137189659586,0.0762221653442539,0.35515740977732274,0.15613002303557716,2014-03-13 14:33:02
0.04310099573257468,0.00258631837579206,0.0,0.04012672960041381,0.0,2014-03-13 14:35:02,77330,0.00517263675158412,0.06659769817664554,0.34754946333893705,0.15018750808224493,0.27867580499159444,0.007797749903013061,0.05820509504720031,2014-03-13 14:34:02
0.09558166065427189,0.0,0.0,0.10180988499367928,0.0,2014-03-13 14:36:02,32433,0.0,0.09792495297998952,0.0895076002836617,0.05241574939105232,0.20812135787623717,0.15730891376067585,0.19732988006043228,2014-03-13 14:35:02
0.006461617989144482,0.0,0.0,0.16325277849573533,0.0,2014-03-13 14:37:02,30952,0.0,0.19384853967433446,0.12357844404238821,0.17779141897131043,0.16832514861721376,0.04907598862755234,0.11766606358232101,2014-03-13 14:36:02
0.027069129829191407,0.0,0.009163551059306503,0.1912249835056081,0.0,2014-03-13 14:38:02,54564,0.005498130635583902,0.010079906165237153,0.14659848984678542,0.08674217432739535,0.08377318378418004,0.2736969430393666,0.1661535078073455,2014-03-13 14:37:02
0.08284060303996532,0.0,0.0,0.3652911494288456,0.0,2014-03-13 14:39:02,32303,0.0,0.1903847939819831,0.043061016004705445,0.1292140048911866,0.15171965452125188,0.0039005665108503853,0.03358821162121165,2014-03-13 14:38:02
0.04660206553614688,0.006422924901185771,0.0,0.06375111564452378,0.0,2014-03-13 14:40:02,62744,0.006375111564452378,0.12230651536401888,0.07006247609333163,0.1482213438735178,0.08287645033788091,0.13033915593522888,0.3230428407497131,2014-03-13 14:39:02
0.014907783036586282,0.0016433776575764405,0.0016433776575764405,0.2025533393434002,0.0,2014-03-13 14:41:02,425952,0.031458943730749006,0.016025279843738263,0.14514781008188715,0.06791845090526633,0.1405956539704004,0.22170338441890167,0.15640259935391781,2014-03-13 14:40:02
0.04241297184431177,0.0,0.0,0.11092623405435385,0.0,2014-03-13 14:42:02,30651,0.0,0.10113862516720498,0.06684936869922678,0.17943949626439595,0.2577403673615869,0.06531597664024012,0.17617695996867966,2014-03-13 14:41:02
0.10625625653615789,0.0005592434554534626,0.0,0.14885383053804813,0.0,2014-03-13 14:43:02,178813,0.002796217277267313,0.015099573297243488,0.0992824906466532,0.049381197116540744,0.29580623332755446,0.09662049179869472,0.18534446600638657,2014-03-13 14:42:02
0.0,0.0,0.0,0.1665001665001665,0.0,2014-03-13 14:44:02,6006,0.0,0.0,0.21645021645021645,0.0,0.35064935064935066,0.26640026640026643,0.0,2014-03-13 14:43:02
0.01883486390383946,0.0014268836290787469,0.0011415069032629974,0.1484472652348365,0.0,2014-03-13 14:45:02,350414,0.0011415069032629974,0.11215305324558951,0.16176294326139937,0.056264875261833144,0.13260029565028794,0.18042372736249124,0.1858030786441181,2014-03-13 14:44:02
0.014464175318169221,0.0003552978461844564,0.48888983634981203,0.030200316925678795,0.0,2014-03-13 14:46:02,281454,0.0003552978461844564,0.04760991138871716,0.04582986917933304,0.12577543754929757,0.16108138452464701,0.042980380452933696,0.04245809261904254,2014-03-13 14:45:02
0.1548905900906821,0.004106978577999737,0.0,0.062426074385596005,0.0,2014-03-13 14:47:02,121744,0.005749770009199632,0.08167958995925877,0.041792614009725323,0.12418681824155606,0.12281508739650414,0.2561440399526876,0.14620843737679065,2014-03-13 14:46:02
0.03889823068109106,0.005952292376601539,0.0,0.05505870448356423,0.0,2014-03-13 14:48:02,67201,0.0014880730941503847,0.17261647892144463,0.05214208121902948,0.1783157988720406,0.08712667966250502,0.13392657847353462,0.27447508221603845,2014-03-13 14:47:02
0.10443572818010778,0.0038266526356070026,0.0,0.057501833604387896,0.0,2014-03-13 14:49:02,156795,0.011479957906821008,0.2359769125290985,0.10809018144711247,0.10111929589591505,0.23146146241908225,0.09505405146847795,0.051053923913390094,2014-03-13 14:48:02
0.06284869719801969,0.0018604074292270006,0.0018604074292270006,0.11551476440007029,0.0,2014-03-13 14:50:02,483765,0.02774074188914039,0.02897687926989344,0.12890142941304145,0.07793660144905068,0.2079708122745548,0.19300486806610648,0.15338439118166877,2014-03-13 14:49:02
0.061178576612317966,0.002419081716580386,0.0,0.013304949441192123,0.0,2014-03-13 14:51:02,82676,0.0,0.13550486235425033,0.04327737190962311,0.1723474768977696,0.20137645749673425,0.20320286419275244,0.16738835937877983,2014-03-13 14:50:02
0.08651306802659138,0.004037276507907598,0.0,0.0,0.0,2014-03-13 14:52:02,32943,0.0,0.012142184986188265,0.012142184986188265,0.03339100871201773,0.7637434356312418,0.06981756367058252,0.0182132774792824,2014-03-13 14:51:02
0.03278688524590164,0.03278688524590164,0.0,0.0,0.0,2014-03-13 14:53:02,3050,0.0,0.0,0.22950819672131148,0.0,0.01639344262295082,0.6885245901639344,0.0,2014-03-13 14:52:02
0.04361823657700696,0.0031155883269290683,0.0,0.014570568075604943,0.0,2014-03-13 14:54:02,96290,0.010385294423096894,0.04050264825007789,0.04424135424239277,0.14539412192335652,0.10281441478865926,0.35624675459549277,0.23911101879738292,2014-03-13 14:53:02
0.029716785313427328,0.0015375390150525069,0.0,0.06918925567736281,0.0,2014-03-13 14:55:02,260156,0.0,0.03728532111502329,0.3666684604621842,0.014491305216869877,0.07360199265056351,0.21007395562662404,0.19743538492289242,2014-03-13 14:54:02
0.035935845059766984,0.0,0.0015130882130428205,0.09198315428456146,0.0,2014-03-13 14:56:02,396540,0.014878700761587734,0.025334140313713623,0.17025268573157815,0.052804256821506024,0.16569576839663086,0.25962576284864075,0.1819765975689716,2014-03-13 14:55:02
0.06432550888019102,0.0,0.0,0.07849892609108056,0.0,2014-03-13 14:57:02,91721,0.0,0.05996445743068654,0.1439146978336477,0.05134047818929144,0.15372706359503277,0.31255655738598576,0.13567231059408424,2014-03-13 14:56:02
0.14956114686951433,0.0,0.0,0.044860542227423444,0.0,2014-03-13 14:58:02,51270,0.0,0.0526623756582797,0.08960405695338404,0.17526818802418567,0.19857616539886874,0.12096742734542618,0.1685000975229179,2014-03-13 14:57:02
0.07594571181056887,0.02165752237943979,0.0,0.0,0.0,2014-03-13 14:59:02,13852,0.0,0.0,0.02165752237943979,0.24545192030031765,0.47646549234767543,0.0,0.1588218307825585,2014-03-13 14:58:02
0.10155108854420254,0.0009274072013169182,0.0013911108019753773,0.10481092485683151,0.0,2014-03-13 15:00:02,215655,0.0,0.04915258166979666,0.07434096125756416,0.264575363427697,0.03431406644872598,0.26776100716422063,0.10117548862766919,2014-03-13 14:59:02
0.06778334818925776,0.0008066565296829437,0.0008066565296829437,0.09995684387566196,0.0,2014-03-13 15:01:02,247937,0.0,0.06255621387691228,0.09809750057474277,0.060825935620742365,0.0903495646071381,0.2973860295155624,0.22143125068061645,2014-03-13 15:00:02
0.045446881975681634,0.0013487722800321008,0.0,0.021593844203313933,0.0,2014-03-13 15:02:02,148283,0.01820842578043336,0.09441405960224705,0.17809189185543858,0.11965633282304781,0.13953049236932083,0.2794723602840514,0.10223693882643324,2014-03-13 15:01:02
0.1805623789844811,0.0028899228390601973,0.0,0.0,0.0,2014-03-13 15:03:02,69206,0.008669768517180591,0.1729618819177528,0.03219374042713059,0.21515475536803166,0.3392335924630812,0.028711383406063058,0.019622576077218738,2014-03-13 15:02:02
0.04264235210736805,0.0011249796097445733,0.0,0.09086179063004483,0.0,2014-03-13 15:04:02,355562,0.001200915733402332,0.037686816926443205,0.27015541593308623,0.0755058189570314,0.09456297354610448,0.09028523858005073,0.2959736979767242,2014-03-13 15:03:02
0.038379535449256326,0.0004251402431377051,0.0,0.10209530368830418,0.0,2014-03-13 15:05:02,470433,0.030822667627483615,0.050166548690249196,0.22102828670607716,0.056105757886882934,0.17898404236097382,0.1992143408306815,0.12277837651695353,2014-03-13 15:04:02
0.020498397763687188,0.0008522533578782301,0.0,0.14005761232699257,0.0,2014-03-13 15:06:02,586680,0.0041249062521306334,0.020498397763687188,0.19482170859753187,0.04079395922819936,0.1279402740846799,0.3339060475898275,0.11650644303538556,2014-03-13 15:05:02
0.04388631431458837,0.000402626736831086,0.0,0.19352254105786149,0.0,2014-03-13 15:07:02,496738,0.021339217052047558,0.03080094536757808,0.21280634861838635,0.059991383787831816,0.17885082276773673,0.16035213734403247,0.09804766295310606,2014-03-13 15:06:02
0.030819140308191405,0.0016220600162206002,0.0,0.017842660178426603,0.0,2014-03-13 15:08:02,61650,0.011695052716950528,0.04381184103811841,0.03234387672343877,0.17738848337388483,0.5025790754257907,0.027575020275750203,0.1543227899432279,2014-03-13 15:07:02
0.04764827453227563,0.0010863100491826875,0.0,0.085147697430062,0.0,2014-03-13 15:09:02,368219,0.023559349191649533,0.024441976106610468,0.19448208810517653,0.056409365078934,0.13131587452032623,0.2807432533356508,0.15516581165013213,2014-03-13 15:08:02
0.056579851648221435,0.0017033201412422685,0.0,0.10115055572671043,0.0,2014-03-13 15:10:02,337576,0.00011849183591250562,0.04177725904685167,0.21484347228475958,0.10032111287532289,0.20323423466123183,0.15480069673199517,0.12547100504775222,2014-03-13 15:09:02
0.08050669958277713,0.0005585312861299926,0.0,0.08777877692818964,0.0,2014-03-13 15:11:02,179041,0.0005585312861299926,0.05361900346847929,0.06656017336811121,0.09182812875263208,0.07817203880675376,0.10777978228450466,0.4326383342362922,2014-03-13 15:10:02
0.12771887198635093,0.0008932638969530769,0.0,0.2002608330579103,0.0,2014-03-13 15:12:02,111949,0.0008932638969530769,0.07320297635530465,0.0964725008709323,0.04555645874460692,0.10099241618951486,0.14229693878462515,0.21171247621684874,2014-03-13 15:11:02
0.07030229805098916,0.0024408401371752157,0.0,0.2569045265380344,0.0,2014-03-13 15:13:02,163878,0.0018306301028814117,0.027965925871685032,0.10321702730079693,0.049841955601117906,0.06132610844652729,0.2614566933938662,0.1647139945569265,2014-03-13 15:12:02
0.049819118078414756,0.0013036534889026496,0.0,0.04749209660072353,0.0,2014-03-13 15:14:02,153415,0.0019554802333539745,0.04987126421797086,0.03769514063162011,0.04202327021477691,0.06891764169083857,0.3510934393638171,0.3498288954795815,2014-03-13 15:13:02
0.09415378560965477,0.004777104877675507,0.0,0.08854587988368788,0.0,2014-03-13 15:15:02,91478,0.0,0.12516670674916372,0.04795688580860972,0.09511576553925534,0.1892804827390192,0.1858261002645445,0.16917728852838934,2014-03-13 15:14:02
0.10712428497139885,0.0,0.0,0.058408736349453975,0.0,2014-03-13 15:16:02,48075,0.0,0.13976079043161727,0.105730629225169,0.09826313052522101,0.15600624024961,0.1768070722828913,0.1578991159646386,2014-03-13 15:15:02
0.47874475999291494,0.0029521166676507054,0.0,0.03811182617937061,0.0,2014-03-13 15:17:02,33874,0.0,0.03099722501033241,0.11356792820452265,0.016679459172226487,0.16865442522288482,0.07970715002656906,0.07058510952352837,2014-03-13 15:16:02
0.10453345294771288,0.0010194407348128817,0.0,0.15969539110843792,0.0,2014-03-13 15:18:02,98093,0.004077762939251527,0.042785927640096644,0.1519374471165119,0.11414677907699836,0.043387397673636245,0.2152752999704362,0.16314110079210545,2014-03-13 15:17:02
0.16843249117087747,0.0023285597857724996,0.0,0.10478519035976248,0.0,2014-03-13 15:19:02,128835,0.0007761865952574999,0.053944968370396244,0.13266581286141188,0.21265184150269725,0.04765009508285792,0.14490627546862267,0.13185857880234408,2014-03-13 15:18:02
0.037171772988682183,0.0005116555125764925,0.0,0.02855805243445693,0.0005116555125764925,2014-03-13 15:20:02,390888,0.011000593520394588,0.02161744540635681,0.06468348989992018,0.09749084136632488,0.10847864349890506,0.07994105728495118,0.5500347925748552,2014-03-13 15:19:02
0.11495760199059724,0.0012227255775849946,0.0,0.13718063936320452,0.0,2014-03-13 15:21:02,327138,0.00030568139439624865,0.043162212888750315,0.03974469489940025,0.03102666153121924,0.24316037880038394,0.2250243016708545,0.16421510188360874,2014-03-13 15:20:02
0.12447341309913604,0.0,0.0,0.027734426798045636,0.0,2014-03-13 15:22:02,98037,0.0,0.04641104888970491,0.06630149841386415,0.05059314340504095,0.1805440802962147,0.2897069473770107,0.21423544172098288,2014-03-13 15:21:02
0.10627581505393592,0.0012832337490476,0.00240606327946425,0.05800216545695152,0.004411116012351125,2014-03-13 15:23:02,249370,0.009203192043950755,0.03946745799414524,0.1883867345711192,0.08179412118538718,0.1906524441592814,0.18008982636243334,0.13802783013193248,2014-03-13 15:22:02
0.26751490736493627,0.00913387711146122,0.0,0.0059828889376383546,0.0,2014-03-13 15:24:02,50143,0.01399996011407375,0.1975749356839439,0.01804838162854237,0.20758630317292542,0.24055202121931277,0.0396067247671659,0.0,2014-03-13 15:23:02
0.10575245386276816,0.001537267200098385,0.0,0.09915373440634584,0.0,2014-03-13 15:25:02,260202,0.00038431680002459626,0.07013781600448882,0.12054480749571486,0.05567597481956326,0.08697089184556614,0.3553546859747427,0.10448805159068723,2014-03-13 15:24:02
0.40669120308917583,0.0,0.0,0.08145287800168939,0.0,2014-03-13 15:26:02,33148,0.0,0.16915047665017496,0.030167732593218293,0.15536382285507422,0.14812356703270183,0.009050319777965488,0.0,2014-03-13 15:25:02
0.2883191258269427,0.007350601761950213,0.0,0.02962182799591877,0.0,2014-03-13 15:27:02,91149,0.034010246958277104,0.15805987997674137,0.04531042578634982,0.21878462736837487,0.19111564581070556,0.012068152146485425,0.015359466368254178,2014-03-13 15:26:02
0.09126607663948699,0.003602608288400802,0.0,0.06252927119234325,0.0,2014-03-13 15:28:02,83273,0.030514092202754795,0.049607916131279045,0.11545158694895104,0.09195057221428314,0.10608480539910896,0.13431724568587658,0.3146758252975154,2014-03-13 15:27:02
0.18285376137288262,0.02958798727716547,0.0,0.140542939566536,0.0,2014-03-13 15:29:02,13519,0.0,0.0,0.4407870404615726,0.02958798727716547,0.03698498409645684,0.13225830312892967,0.007396996819291368,2014-03-13 15:28:02
0.08148062597447595,0.009624453812246156,0.0,0.1767049719928394,0.0,2014-03-13 15:30:02,51951,0.004369502030759754,0.10109526284383362,0.11379954187599854,0.13077707840080074,0.3634193759504148,0.009027737675886894,0.009701449442744123,2014-03-13 15:29:02
0.12135154786315251,0.005055032142156429,0.0,0.15234343442115267,0.0,2014-03-13 15:31:02,259939,0.020389399051315885,0.08482759416632364,0.05587464751345508,0.09791912717983835,0.10874089690273488,0.15443238605980633,0.19906593470006426,2014-03-13 15:30:02
0.10280775768498228,0.0,0.0,0.04998566425689652,0.0,2014-03-13 15:32:02,195316,0.005119908251244138,0.12845849802371542,0.05552028507649143,0.07088000983022384,0.10190153392451207,0.4013649675397817,0.08396137541215261,2014-03-13 15:31:02
0.019379332716590775,0.0008009643610907533,0.0,0.08939563234133897,0.0,2014-03-13 15:33:02,249699,0.00240289308327226,0.05126171910980821,0.17400950744696614,0.10973211746943319,0.1859839246452729,0.28533554399496996,0.08169836483125684,2014-03-13 15:32:02
0.038846608867621354,0.0030900711599244255,0.0,0.046757191037027884,0.0,2014-03-13 15:34:02,56633,0.029876573729097876,0.13154874366535413,0.10183108788162379,0.07562728444546465,0.14329101407306694,0.16075433051401128,0.2683770946268077,2014-03-13 15:33:02
0.11343658247855912,0.0060192750563471025,0.0,0.078970659378142,0.0,2014-03-13 15:35:02,448559,0.006911019509139266,0.05884398707862288,0.18545386448605422,0.07012232504531177,0.18891829168515178,0.1416023310199996,0.14972166426267225,2014-03-13 15:34:02
0.06490924194489121,0.005302320649004048,0.0,0.20855794552749254,0.0,2014-03-13 15:36:02,113158,0.003534880432669365,0.08884921967514449,0.06461761430919599,0.1334770851375952,0.08544689725870022,0.1337510383711271,0.2115537566941798,2014-03-13 15:35:02
0.14391829883362486,0.003137525590443097,0.0,0.14432617716038246,0.029022111711598648,2014-03-13 15:37:02,127489,0.0023531441928323227,0.07889308097169168,0.16236694930543027,0.06486049776843493,0.06031108566229243,0.187318121563429,0.1234930072398403,2014-03-13 15:36:02
0.10163642339428117,0.0008649172274213358,0.0,0.030220207926101472,0.0,2014-03-13 15:38:02,115618,0.0017298344548426715,0.06835440848310817,0.5089951391651819,0.07592243422304486,0.03148298707813662,0.118493660156723,0.062299987891158815,2014-03-13 15:37:02
0.047386376141740946,0.010905689446461978,0.0,0.29893254099262684,0.0,2014-03-13 15:39:02,90870,0.0,0.15626719489380433,0.029327610872675252,0.059975789589523494,0.1429734785957962,0.005513370749422252,0.24871794871794872,2014-03-13 15:38:02
0.11153723234260148,0.0015979546180888463,0.0,0.14094918504314477,0.0,2014-03-13 15:40:02,312900,0.0019175455417066154,0.07377436880792586,0.13550015979546182,0.09492170022371364,0.08479705976350271,0.17571748162352188,0.17928731224033237,2014-03-13 15:39:02
0.09295222964829626,0.004793469924400132,0.0,0.056836857675030134,0.0,2014-03-13 15:41:02,146032,0.02122822395091487,0.02259778678645776,0.09502711734414375,0.13079325079434645,0.1004437383587159,0.3694669661444067,0.10586035937328804,2014-03-13 15:40:02
0.035159160798060474,0.0020990543760036106,0.0,0.24189502629065607,0.0,2014-03-13 15:42:02,190562,0.0,0.0384861619840262,0.05393520219141277,0.027885937385207962,0.059466210472182285,0.11753654978432217,0.4235366967181285,2014-03-13 15:41:02
0.07190042624930502,0.0017934753367249946,0.0,0.10102646571771894,0.0,2014-03-13 15:43:02,167273,0.009565201795866637,0.0866487717683069,0.12088023769526463,0.10702265159350284,0.1779306881564867,0.20995020116815027,0.11328188051867306,2014-03-13 15:42:02
0.18461109756522345,0.024382597791633286,0.0,0.03974363440036226,0.0,2014-03-13 15:44:02,28709,0.0006966456511895224,0.3134905430352851,0.05190010101361942,0.18461109756522345,0.1830784771326065,0.013967745306349925,0.0035180605385070883,2014-03-13 15:43:02
0.12761122227928198,0.0011805469474007308,0.0,0.11551651880316151,0.0,2014-03-13 15:45:02,169413,0.0,0.06823561355976224,0.2182772278396581,0.07245606889671985,0.13802364635535644,0.15868321793486923,0.10001593738378992,2014-03-13 15:44:02
0.07982013966212154,0.0014229457110637586,0.0,0.10168014314833854,0.0,2014-03-13 15:46:02,562214,0.007470464983084733,0.035358422237795575,0.11210677784615822,0.05512847421088767,0.15757167199678415,0.2872340425531915,0.16220691765057432,2014-03-13 15:45:02
0.19495242736962556,0.00586269980857932,0.0,0.07558644656820157,0.0,2014-03-13 15:47:02,141573,0.0021190481235828867,0.08264287681973258,0.045933899825531706,0.2939755461846539,0.14209630367372308,0.062172871945921894,0.09465787968044755,2014-03-13 15:46:02
0.04339211860512419,0.0,0.0,0.017078113346843147,0.0,2014-03-13 15:48:02,132743,0.021394725145582064,0.07726961120360396,0.0331768906835012,0.16722539041606713,0.43856926542265884,0.08738690552420843,0.11450697965241105,2014-03-13 15:47:02
0.05151497253558561,0.016537711889433582,0.0,0.016561337192132774,0.0,2014-03-13 15:49:02,84655,0.0023625302699190835,0.06228811056641663,0.06266611540960368,0.06936388872482428,0.568613785364125,0.011871714606343394,0.13821983344161598,2014-03-13 15:48:02
0.100367500258803,0.0003697185702243452,0.0,0.07177346603765214,0.0,2014-03-13 15:50:02,270476,0.01996480279211464,0.08828140019816916,0.1394060840887916,0.08279107943033763,0.2295360771380825,0.13984235200165634,0.12766751948416866,2014-03-13 15:49:02
0.0730108902263149,0.008323523466390802,0.0,0.12831645696483565,0.0,2014-03-13 15:51:02,588693,0.03178566757206218,0.10667359727396113,0.12230313592993292,0.07180143130630057,0.21101660797733285,0.15252601950422376,0.09424266977864523,2014-03-13 15:50:02
0.18834576460873897,0.004094473143668238,0.0,0.027037170992022602,0.0,2014-03-13 15:52:02,146539,0.007506534096725104,0.12420584281317601,0.034120609530568655,0.05527538743952122,0.17544135008427791,0.07919393472044985,0.3047789325708514,2014-03-13 15:51:02
0.1004105238697684,0.004518344478583047,0.0,0.07452041000748755,0.0,2014-03-13 15:53:02,154924,0.0025948206862719783,0.11618600087784979,0.0920838604735225,0.19502465725129742,0.2017505357465596,0.10979577082956804,0.10311507577909168,2014-03-13 15:52:02
0.08819722709102458,0.015282998142160538,0.0,0.04427293524307131,0.0,2014-03-13 15:54:02,209383,0.0019103747677700672,0.08952493755462478,0.1513160094181476,0.10221937788645688,0.24608492571030122,0.18259839624038246,0.07859281794606057,2014-03-13 15:53:02
0.08777665257719855,0.006604438182458612,0.0,0.0703409357755078,0.0,2014-03-13 15:55:02,272544,0.0,0.07998708465422097,0.1645862686391922,0.09514793941528707,0.24865342843724317,0.1875587061171774,0.05934454620171422,2014-03-13 15:54:02
0.014636013600234176,0.002589448560041431,0.0,0.09875931638558015,0.0,2014-03-13 15:56:02,177644,0.0006023282520096373,0.11257909076580126,0.025866339420413862,0.08629618788138074,0.41513363806264214,0.09926031838958817,0.14427731868230845,2014-03-13 15:55:02
0.09425147179768723,0.0033309391078291174,0.0,0.026209174296000053,0.0,2014-03-13 15:57:02,460831,0.0015189950328862425,0.07035333994457837,0.12192756129687456,0.11450835555767733,0.3559265761200961,0.11102985693236783,0.10094372991400317,2014-03-13 15:56:02
0.23097143736172254,0.009953715224207436,0.0,0.039109051999113215,0.0,2014-03-13 15:58:02,442046,0.0013573248033010138,0.05157834252543853,0.10724449491681862,0.04674852843369242,0.3437402442279763,0.09922044312130411,0.07007641738642585,2014-03-13 15:57:02
0.12589387718398287,0.000972816323694413,0.0,0.05802358875211782,0.0,2014-03-13 15:59:02,489301,0.0016349854179738034,0.14710781298219297,0.07855287440655138,0.08354366739491642,0.3478594975281064,0.11030837868714759,0.04610250132331632,2014-03-13 15:58:02
0.14382119134292848,0.002631941714361569,0.0,0.1233106814457044,0.0,2014-03-13 16:00:02,783452,0.01132424194462456,0.0804988691074884,0.11736136993714995,0.09471543885266742,0.2206389159769839,0.15947754297646824,0.046219806701623074,2014-03-13 15:59:02
