NYSE Arca,NASDAQ,CBSX,NASDAQ BX,NSX,CHX,totalVolume,BATS BYX,startTime,NASDAQ PSX,BATS EDGA,BATS BZX,endTime,BATS EDGX
0.24347786973731558,0.4626889168765743,0.00022490104354084203,0.05836182079884851,0.0,0.0,44464,0.057754587981288234,2014-03-03 09:30:01,0.0010120546959337892,0.0353094638359122,0.05802446923353724,2014-03-03 09:35:01,0.0831459157970493
0.31201005523765424,0.39572652399695696,0.0,0.06691363741606854,0.0,0.0,30233,0.024675023980418747,2014-03-03 09:35:01,0.0,0.016902060662190323,0.06370522276982106,2014-03-03 09:40:01,0.12006747593689016
0.30233664874125543,0.38928282491790794,0.0,0.050682910579165276,0.0,0.0,21013,0.01955932042069195,2014-03-03 09:40:01,0.0,0.018655118260124684,0.13358397182696427,2014-03-03 09:45:01,0.08589920525389044
0.14577750555087665,0.491386570706684,0.0,0.07013245540157721,0.010336115151979174,0.0,13061,0.06446673302197381,2014-03-03 09:45:01,0.0,7.656381594058648e-05,0.08797182451573386,2014-03-03 09:50:01,0.12985223183523467
0.19671618994723689,0.36128853096362123,0.0,0.03915579005831713,0.0,0.0,28808,0.01319078033879478,2014-03-03 09:50:01,0.0,0.02249375173562899,0.13947514579283532,2014-03-03 09:55:01,0.22767981116356567
0.18685889860553062,0.5605766958165919,0.0,0.03186008035925313,0.0,0.0,21155,0.018908059560387616,2014-03-03 09:55:01,0.002363507445048452,0.01427558496809265,0.07033798156464192,2014-03-03 10:00:01,0.11481919168045379
0.2383915498849613,0.3659799205187199,0.0,0.1061493411420205,0.0,0.0,19124,0.03184480234260615,2014-03-03 10:00:01,0.0,0.04889144530432964,0.11263334030537545,2014-03-03 10:05:01,0.09610960050198704
0.24906774967694295,0.35237216171312535,0.0,0.0461510060919328,0.0,0.0,27085,0.014546797120177219,2014-03-03 10:05:01,0.02997969355731955,0.02584456341148237,0.1144914159128669,2014-03-03 10:10:01,0.16754661251615285
0.1516289955040956,0.4719467881997906,0.0,0.05422799778284166,0.0,0.0,32474,0.041818069840487776,2014-03-03 10:10:01,0.0032333559155016322,0.0,0.07803165609410605,2014-03-03 10:15:01,0.1991131366631767
0.2663489114189926,0.43446298016722545,0.0,0.06323464070767863,0.0,0.0,49514,0.031970755745849656,2014-03-03 10:15:01,0.0030092499091166135,0.025104010986791613,0.07684695237710547,2014-03-03 10:20:01,0.09902249868723997
0.1877269764410094,0.4445479094887792,0.0,0.04137567122947512,0.0,0.0,32217,0.044821057205823016,2014-03-03 10:20:01,0.010863829655151007,0.014961045410807958,0.15023124437408822,2014-03-03 10:25:01,0.10547226619486606
0.18958717905688874,0.5394781003524082,0.00419533478771606,0.06876153717066621,0.0,0.0,23836,0.013131397885551267,2014-03-03 10:25:01,0.0001678133915086424,0.00423728813559322,0.1110505118308441,2014-03-03 10:30:01,0.06939083738882362
0.19413476437020522,0.408752503684668,0.0,0.03820717282037716,0.045236385624126074,0.0,26461,0.014700880541173803,2014-03-03 10:30:01,0.0033256490684403462,0.0199916858773289,0.11197611579305393,2014-03-03 10:35:01,0.1636748422206266
0.29382207972436236,0.40206728238503137,0.0,0.04369048188735225,0.07225917595827153,0.0,20897,0.00847011532755898,2014-03-03 10:35:01,0.0,0.014356127673828779,0.04450399578886922,2014-03-03 10:40:01,0.12083074125472557
0.12200254477831066,0.4159244396593912,0.0001957521777429774,0.04238034648135461,0.07639228736419693,0.0,20434,0.024664774395615152,2014-03-03 10:40:01,0.007389644709797396,0.028628755994910444,0.0654301654105902,2014-03-03 10:45:01,0.21699128902809045
0.1309934364222939,0.4060518411391701,0.0,0.04344198464790299,0.026476804983869173,0.0,17978,0.0020024474357548112,2014-03-03 10:45:01,0.015018355768161086,0.03593280676382245,0.18122149293581044,2014-03-03 10:50:01,0.15886082990321504
0.2025819265143992,0.3360115554753092,0.0,0.04883993861153742,0.06951340615690169,0.0,11077,0.03629141464295387,2014-03-03 10:50:01,0.0,0.011645752460052361,0.13713099214588786,2014-03-03 10:55:01,0.1579850139929584
0.1486893203883495,0.4278640776699029,0.0,0.045533980582524274,0.03140776699029126,0.0,20600,0.01558252427184466,2014-03-03 10:55:01,0.0024271844660194173,0.02470873786407767,0.07048543689320388,2014-03-03 11:00:01,0.2333009708737864
0.24305514246624235,0.3626197132829695,0.0,0.06650407471298554,0.08940574623758253,0.0,16811,0.057045981797632504,2014-03-03 11:00:01,0.0029742430551424662,0.020760216524894414,0.11569805484504193,2014-03-03 11:05:01,0.04193682707750877
0.18314262905800957,0.5346593932943055,0.0,0.03426024481106972,0.05754390633315593,0.0,15032,0.017629058009579562,2014-03-03 11:05:01,0.0017961681745609366,6.652474720596061e-05,0.06665779670037254,2014-03-03 11:10:01,0.10424427887174029
0.12590330788804072,0.4160814249363868,0.0,0.04315521628498728,0.08651399491094147,0.0,9825,0.0438676844783715,2014-03-03 11:10:01,0.0,0.023104325699745548,0.06524173027989821,2014-03-03 11:15:01,0.1961323155216285
0.16731517509727625,0.5897535667963684,0.0,0.0443579766536965,0.0808041504539559,0.0,7710,0.027885862516212712,2014-03-03 11:15:01,0.0,0.013099870298313878,0.020752269779507133,2014-03-03 11:20:01,0.05603112840466926
0.10497484628283958,0.6285075461151481,0.0,0.048630519843487985,0.0010061486864169928,0.0,8945,0.030519843487982114,2014-03-03 11:20:01,0.0,0.00022358859698155394,0.06987143655673561,2014-03-03 11:25:01,0.11626607043040806
0.2606060606060606,0.30812121212121213,0.0,0.0576969696969697,0.024242424242424242,0.0,4125,0.048484848484848485,2014-03-03 11:25:01,0.0,0.0,0.12993939393939394,2014-03-03 11:30:01,0.1709090909090909
0.11380729388392223,0.5537107989215269,0.0,0.08925784021569462,0.03717894139350078,0.0,7047,0.017879948914431672,2014-03-03 11:30:01,0.007095217823187172,0.0024123740598836385,0.03590180218532709,2014-03-03 11:35:01,0.1427557826025259
0.11249705813132502,0.4068408252922256,0.0,0.05295363614968228,0.016788263905232605,0.0,12747,0.0149054679532439,2014-03-03 11:35:01,0.009492429591276379,0.00627598650662901,0.07013414921157919,2014-03-03 11:40:01,0.310112183258806
0.20483353050532363,0.48284603684299476,0.0,0.07655906709481156,0.09312151428088558,0.0,5917,0.025857698157850263,2014-03-03 11:40:01,0.02535068446848065,0.01690045631232043,0.01521041068108839,2014-03-03 11:45:01,0.05932060165624472
0.17117242016729053,0.3513563473358288,0.0,0.02966865381949258,0.05074171634548731,0.0,21639,0.0058690327649151995,2014-03-03 11:45:01,0.0030962613799158925,0.004621285641665512,0.17676417579370582,2014-03-03 11:50:01,0.20671010675169832
0.0924259055982437,0.3647639956092206,0.0,0.0729967069154775,0.09396267837541164,0.0,9110,0.005927552140504939,2014-03-03 11:50:01,0.034138309549945116,0.005159165751920966,0.16465422612513722,2014-03-03 11:55:01,0.1659714599341383
0.16872082166199814,0.41419234360410834,0.0,0.03323996265172736,0.13137254901960785,0.0,10710,0.011017740429505136,2014-03-03 11:55:01,0.014005602240896359,0.018674136321195144,0.05947712418300653,2014-03-03 12:00:01,0.14929971988795518
0.18156197754955816,0.49945068067828996,0.0,0.007308335323620731,0.03821351803200382,0.0,20935,0.02149510389300215,2014-03-03 12:00:01,0.0,0.004776689754000477,0.0539765942202054,2014-03-03 12:05:01,0.19321710054931931
0.13267456563480542,0.43441202641315035,0.0,0.047159649697934715,0.07319814545965438,0.0,21353,0.039151407296398634,2014-03-03 12:05:01,0.003278227883669742,0.014049548072870323,0.12874069217440173,2014-03-03 12:10:01,0.1273357373671147
0.19458471182308898,0.47052934006616753,0.004353125544140693,0.0627720703465088,0.030036566254570782,0.0,22972,0.017456033432004178,2014-03-03 12:10:01,0.006965000870625109,0.023202159150269894,0.10595507574438447,2014-03-03 12:15:01,0.0841459167682396
0.23288514831160834,0.4501693523555373,0.0,0.031920353074001845,0.13568716001231654,0.0,9743,0.01211125936569845,2014-03-03 12:15:01,0.0,0.015395668685209894,0.06969106024838345,2014-03-03 12:20:01,0.05213999794724417
0.12698830024976995,0.4198764296043118,0.0,0.021296174576048377,0.07887472065203102,0.0,7607,0.0003943736032601551,2014-03-03 12:20:01,0.0,0.004075193900354936,0.1063494150124885,2014-03-03 12:25:01,0.24214539240173524
0.3976352445740201,0.3200518302559119,0.0,0.052235179786200195,0.002672497570456754,0.0,12348,0.017573696145124718,2014-03-03 12:25:01,0.0,0.032393909944930355,0.0876255264010366,2014-03-03 12:30:01,0.0898121153223194
0.4207356983898416,0.23759654405026837,0.0,0.06964262338002357,0.05249378190862678,0.0,7639,0.013352533054064667,2014-03-03 12:30:01,0.0,0.013090718680455558,0.08482785704935202,2014-03-03 12:35:01,0.10826024348736746
0.28180773649942553,0.3180390654921486,0.0,0.024205285331290693,0.02297970126388357,0.0,13055,0.009191880505553428,2014-03-03 12:35:01,0.00038299502106472615,0.0068939103791650705,0.21685178092684795,2014-03-03 12:40:01,0.11964764458062045
0.23131568703775787,0.2760801868431296,0.0,0.010704554301284546,0.0750291942390035,0.0,10276,0.029778123783573376,2014-03-03 12:40:01,0.0,0.030264694433631764,0.28678474114441416,2014-03-03 12:45:01,0.06004281821720514
0.1459802538787024,0.44875411377527036,0.0,0.038551951104842504,0.09402914903620123,0.0,4254,0.012929007992477669,2014-03-03 12:45:01,0.0,0.0,0.17019275975552423,2014-03-03 12:50:01,0.08956276445698166
0.2160966165760118,0.29492025444823455,0.0,0.06167603945791463,0.2314925785931594,0.0,10847,0.0389969576841523,2014-03-03 12:50:01,0.0,0.018438277864847422,0.08933345625518577,2014-03-03 12:55:01,0.04904581912049415
0.2276359384135646,0.4823621126486065,0.0,0.022217891249269147,0.07639836289222374,0.0,5131,0.004677450789319821,2014-03-03 12:55:01,0.0038978756577665173,0.0,0.07893198206977198,2014-03-03 13:00:01,0.10387838627947768
0.13502055498458376,0.5047533401849948,0.0,0.015287769784172662,0.051002055498458376,0.0,7784,0.0006423432682425488,2014-03-03 13:00:01,0.031217882836587874,0.00012846865364850977,0.11408016443987667,2014-03-03 13:05:01,0.14786742034943473
0.20588824354095733,0.3531944722611656,0.0,0.15011015421590226,0.11155617865011015,0.0,9986,0.0011015421590226317,2014-03-03 13:05:01,0.02002803925495694,0.03004205888243541,0.06539154816743441,2014-03-03 13:10:01,0.06268776286801522
0.2064486198097889,0.4124333101368592,0.0,0.09209000231964741,0.0,0.0,4311,0.002319647413593134,2014-03-03 13:10:01,0.011598237067965669,0.0016237531895151936,0.07840408257944792,2014-03-03 13:15:01,0.19508234748318257
0.23505490036600243,0.27511183407889384,0.0,0.08916226108174055,0.011590077267181781,0.0,9836,0.018096787311915413,2014-03-03 13:15:01,0.0018300122000813339,0.00030500203334688896,0.06527043513623425,2014-03-03 13:20:01,0.3035786905246035
0.14922103213242455,0.4856377799415774,0.0,0.12755598831548198,0.019717624148003893,0.0,8216,0.06694255111976631,2014-03-03 13:20:01,0.006450827653359299,0.024342745861733205,0.06536027263875366,2014-03-03 13:25:01,0.054771178188899705
0.2119086703477093,0.3635278316669154,0.0,0.030741680346216983,0.009700044769437397,0.0,6701,0.039247873451723626,2014-03-03 13:25:01,0.016713923295030592,0.015072377257125803,0.06909416504999254,2014-03-03 13:30:01,0.24399343381584837
0.30705266399753617,0.2707114259316292,0.0,0.07314444102248228,0.09285494302433014,0.0,6494,0.015552817985833077,2014-03-03 13:30:01,0.06698490914690483,0.0003079765937788728,0.07083461656914075,2014-03-03 13:35:01,0.10255620572836464
0.27216907039840066,0.2273311437955162,0.0,0.19220334142510354,0.06040268456375839,0.0,7003,0.010281308010852492,2014-03-03 13:35:01,0.0009995716121662145,0.0,0.18963301442239042,2014-03-03 13:40:01,0.04697986577181208
0.09788519637462235,0.35246727089627394,0.0,0.050352467270896276,0.16273917421953676,0.0,4965,0.022155085599194362,2014-03-03 13:40:01,0.0004028197381671702,0.06243705941591138,0.1488418932527694,2014-03-03 13:45:01,0.1027190332326284
0.1550676094777323,0.4748790472646074,0.0,0.039945416201463836,0.06153082744076417,0.0,8061,0.05011785138320308,2014-03-03 13:45:01,0.0,0.03833271306289542,0.10246867634288549,2014-03-03 13:50:01,0.07765785882644834
0.3126016260162602,0.2758130081300813,0.0,0.038211382113821135,0.1016260162601626,0.0,4920,0.04186991869918699,2014-03-03 13:50:01,0.0,0.02032520325203252,0.12317073170731707,2014-03-03 13:55:01,0.08638211382113821
0.09105207969241524,0.41620062915064665,0.0,0.10721775602936036,0.03670045438657812,0.0,11444,0.043953163229639984,2014-03-03 13:55:01,0.013631597343586158,0.015204473960153793,0.09542118140510311,2014-03-03 14:00:01,0.1806186648025166
0.24581808677469943,0.194720334553058,0.0,0.08625196027182436,0.025744903293256665,0.0,7652,0.003267119707266074,2014-03-03 14:00:01,0.013068478829064296,0.013068478829064296,0.08076319916361735,2014-03-03 14:05:01,0.3372974385781495
0.23784417106033978,0.3964557703573521,0.0,0.028265963678968952,0.04686584651435267,0.0,6828,0.038224956063268895,2014-03-03 14:05:01,0.0029291154071470417,0.051552431165787935,0.09036321031048623,2014-03-03 14:10:01,0.10749853544229643
0.0562172463077656,0.6471108691213503,0.0,0.04791397264003267,0.0006125365820458722,0.0,14693,0.04008711631389097,2014-03-03 14:10:01,0.00040835772136391476,0.0034029810113659566,0.08827332743483292,2014-03-03 14:15:01,0.1159735928673518
0.14800431499460626,0.4268608414239482,0.0,0.06008629989212513,0.05382955771305286,0.0,9270,0.04325782092772384,2014-03-03 14:15:01,0.0,0.05070118662351672,0.08770226537216828,2014-03-03 14:20:01,0.12955771305285868
0.0698846091337559,0.5490004875670405,0.0,0.05086949455550138,0.06907199739964245,0.0,6153,0.13164310092637738,2014-03-03 14:20:01,0.050381927515033315,0.008126117341134406,0.07102226556151471,2014-03-03 14:25:01,0.0
0.22542814594192107,0.3250186150409531,0.0,0.10554728220402085,0.012006701414743113,0.0,10744,0.029877140729709605,2014-03-03 14:25:01,0.005584512285927029,0.00949367088607595,0.08032390171258377,2014-03-03 14:30:01,0.20672002978406553
0.18252405949256342,0.3940288713910761,0.0,0.16119860017497814,0.0,0.0,9144,0.025590551181102362,2014-03-03 14:30:01,0.005468066491688539,0.03138670166229221,0.10181539807524059,2014-03-03 14:35:01,0.09798775153105861
0.13982683982683983,0.594011544011544,0.0,0.015151515151515152,0.050577200577200575,0.0,13860,0.022005772005772004,2014-03-03 14:35:01,0.0017316017316017316,0.023737373737373738,0.05404040404040404,2014-03-03 14:40:01,0.09891774891774892
0.1375288213752882,0.37162620371626204,0.0,0.05181066051810661,0.027261630272616303,0.0,7373,0.029567340295673403,2014-03-03 14:40:01,0.0,0.017225010172250102,0.10918215109182151,2014-03-03 14:45:01,0.2557981825579818
0.18158291999137374,0.30831715908274027,0.0,0.055639422040112144,0.01437711163827187,0.0,13911,0.036733520235784634,2014-03-03 14:45:01,0.007188555819135935,0.008626266982963123,0.07109481705125441,2014-03-03 14:50:01,0.3164402271583639
0.20451961341671404,0.4155059693007391,0.0,0.06232234223990904,0.038374076179647526,0.0,14072,0.0488914155770324,2014-03-03 14:50:01,0.000923820352472996,0.0,0.16131324616259238,2014-03-03 14:55:01,0.06814951677089255
0.223855421686747,0.535421686746988,0.0,0.040803212851405625,0.0,0.0,12450,0.05678714859437751,2014-03-03 14:55:01,0.008032128514056224,0.021606425702811245,0.09582329317269077,2014-03-03 15:00:01,0.017670682730923693
0.29429640018700326,0.36629266012155215,0.0,0.046984572230014024,0.0,0.0,8556,0.03529686769518466,2014-03-03 15:00:01,0.0,0.04675081813931744,0.14901823281907434,2014-03-03 15:05:01,0.061360448807854136
0.33943126245245425,0.35301575801485235,0.0,0.13113566382901648,0.0,0.0,5521,0.05959065386705307,2014-03-03 15:05:01,0.0,0.03622532149972831,0.040934613294692994,2014-03-03 15:10:01,0.0396667270422025
0.35222868217054265,0.2883155684754522,0.0,0.03169412144702843,0.0,0.0,24768,0.035327842377260985,2014-03-03 15:10:01,0.0,0.028343023255813952,0.14123062015503876,2014-03-03 15:15:01,0.12286014211886305
0.29680090830160955,0.41508047819408267,0.0,0.017498163360715954,0.0,0.0,14973,0.0022039671408535366,2014-03-03 15:15:01,0.0,0.0,0.11246911106658652,2014-03-03 15:20:01,0.15594737193615174
0.19618229062562462,0.32210673595842493,0.0,0.09684189486308215,0.0,0.0,10006,0.044373375974415354,2014-03-03 15:20:01,0.0,0.020587647411553067,0.17639416350189885,2014-03-03 15:25:01,0.143513891665001
0.16552194201226866,0.4926335657736067,0.0,0.029570597179258636,0.00010486027368531432,0.0,19073,0.01609605201069575,2014-03-03 15:25:01,0.0,0.011272479421171289,0.08902637235883186,2014-03-03 15:30:01,0.19577413097048182
0.23427355556767962,0.514485241966283,0.0,0.049484423591030606,0.0,0.0,18329,0.011620928583119647,2014-03-03 15:30:01,0.002400567406841617,0.011184461781875717,0.0896939276556277,2014-03-03 15:35:01,0.08685689344754215
0.24252297410192147,0.36758563074352546,0.0,0.07042606516290727,0.00835421888053467,0.0,11970,0.020718462823725983,2014-03-03 15:35:01,0.0005012531328320802,0.0,0.12314118629908104,2014-03-03 15:40:01,0.166750208855472
0.19158297960451393,0.4960140801325189,0.0,0.014597784449735998,0.00517651930841702,0.0,19318,0.036494461124339996,2014-03-03 15:40:01,0.0,0.04110156330883114,0.08675846360906926,2014-03-03 15:45:01,0.12827414846257376
0.1389914473991681,0.5380660840304715,0.0,0.07809506005514792,0.0,0.0,21397,0.03154647847829135,2014-03-03 15:45:01,0.0014955367574893677,0.04238911997008926,0.09239613029864,2014-03-03 15:50:01,0.07702014301070244
0.1500856910066586,0.5358356980305116,0.0,0.07841429494563537,0.008428623605765179,0.0,35593,0.060967044081701456,2014-03-03 15:50:01,0.0,0.019161070997106174,0.05970275054083668,2014-03-03 15:55:01,0.0874048267917849
0.0849375442442511,0.6107761868877166,0.0022835742504167525,0.0881002945810783,0.0068507227512502565,0.0,87582,0.03133063871571784,2014-03-03 15:55:01,0.003939165581968898,0.025850060514717638,0.09277020392318056,2014-03-03 16:00:01,0.05316160854970199
0.1883305246291129,0.45763461060308863,0.0,0.10080945934745973,0.0027626598889410724,0.0,36197,0.04066635356521259,2014-03-04 09:30:01,0.0054424399812139125,0.014393458021382987,0.09987015498521977,2014-03-04 09:35:01,0.09009033897836838
0.20160739270491004,0.5399407802687665,0.003253831386457554,0.03819998047701168,0.0,0.0,30733,0.0336446165359711,2014-03-04 09:35:01,0.0,0.0195555266326099,0.06071649367129795,2014-03-04 09:40:01,0.1030813783229753
0.1307064567897019,0.6239969952538669,0.0,0.04821251749923174,0.0,0.0,29287,0.023457506743606377,2014-03-04 09:40:01,0.0034144842421552223,0.00658995458735958,0.03448629084576774,2014-03-04 09:45:01,0.12913579403831052
0.1855823521687749,0.4813761106491005,0.004376942268131483,0.05086006915568784,0.0,0.0,22847,0.026830656103645992,2014-03-04 09:45:01,0.0,0.035059307567733185,0.037685472928612074,2014-03-04 09:50:01,0.178229089158314
0.2421981218579062,0.4338697947955861,0.0,0.04745944920479337,0.0,0.0,31627,0.09068201220476176,2014-03-04 09:50:01,0.0,0.034622316375249,0.06374300439497897,2014-03-04 09:55:01,0.08742530116672463
0.3025073683311264,0.41950365212934093,0.0,0.0401947802315151,0.004314211268207253,0.0,23411,0.03596599888941096,2014-03-04 09:55:01,0.008542992610311393,0.03143821280594592,0.0920934603391568,2014-03-04 10:00:01,0.06543932339498526
0.22806838479203878,0.36968614442459813,0.0,0.02373054350599643,0.0,0.0,19595,0.008675682572084715,2014-03-04 10:00:01,0.02041337075784639,0.02658841541209492,0.04251084460321511,2014-03-04 10:05:01,0.28032661393212555
0.3161814488828707,0.3165683334945353,0.0,0.019924557500725408,0.0,0.0,10339,0.02234258632362898,2014-03-04 10:05:01,0.0,0.05116548989263952,0.04894090337556824,2014-03-04 10:10:01,0.22487668053003193
0.24030826716487622,0.33670014012143856,0.0,0.028549743110695937,0.0,0.0,17128,0.03596450256889304,2014-03-04 10:10:01,0.0,0.004028491359177954,0.06334656702475479,2014-03-04 10:15:01,0.29110228865016347
0.26270189325061505,0.566691624772703,0.0,0.033372553214247515,0.0,0.0,9349,0.007166541876136485,2014-03-04 10:15:01,0.0006417798695047598,0.00010696331158412665,0.0674938496095839,2014-03-04 10:20:01,0.0618247940956252
0.276984970396235,0.4253074237133748,0.0,0.053590405343859115,0.0,0.0,13174,0.047897373614695614,2014-03-04 10:20:01,0.00037953544861090024,0.007590708972218006,0.06034613632913314,2014-03-04 10:25:01,0.12790344618187338
0.3640255009107468,0.2742258652094718,0.0,0.06411657559198543,0.0,0.0,10980,0.009836065573770493,2014-03-04 10:25:01,0.01493624772313297,0.010200364298724954,0.15309653916211294,2014-03-04 10:30:01,0.10956284153005465
0.142548435171386,0.44709388971684055,0.0,0.031818181818181815,0.007451564828614009,0.0,13420,0.02384500745156483,2014-03-04 10:30:01,0.0,0.022503725782414306,0.10842026825633383,2014-03-04 10:35:01,0.21631892697466468
0.2030541012216405,0.387521815008726,0.0,0.051919720767888304,0.05279232111692845,0.0,11460,0.00881326352530541,2014-03-04 10:35:01,0.0,0.00017452006980802793,0.017102966841186736,2014-03-04 10:40:01,0.2786212914485166
0.1111111111111111,0.5905905905905906,0.0,0.09598487376265154,0.04793682571460349,0.0,8991,0.033477922366811255,2014-03-04 10:40:01,0.0,0.033477922366811255,0.03403403403403404,2014-03-04 10:45:01,0.05338672005338672
0.11917161196560494,0.5614630010899843,0.0,0.047474869807436114,0.027128497032820637,0.0,8257,0.05510475959791692,2014-03-04 10:45:01,0.012353154898873684,0.020225263412861814,0.04008719874046264,2014-03-04 10:50:01,0.116991643454039
0.1211667913238594,0.6681002243829469,0.0,0.029543754674644727,0.07666417352281227,0.0,5348,0.003926701570680628,2014-03-04 10:50:01,0.0,0.01795063575168287,0.02617801047120419,2014-03-04 10:55:01,0.05646970830216903
0.2700275699094132,0.5016935801496653,0.0,0.0291453328081922,0.0701851122489169,0.0,12695,0.0013391098857818038,2014-03-04 10:55:01,0.0,0.007877116975187082,0.03654982276486806,2014-03-04 11:00:01,0.08318235525797558
0.18220042046250876,0.49018920812894184,0.0,0.04414856341976174,0.08780658724597057,0.0,14270,0.035529081990189205,2014-03-04 11:00:01,0.0,0.02102312543798178,0.046951646811492644,2014-03-04 11:05:01,0.09215136650315348
0.06321401370906321,0.6728442074976728,0.0,0.031056951849031057,0.05068968435305069,0.0,11817,0.04298891427604299,2014-03-04 11:05:01,0.0,0.019294237116019294,0.018363374799018364,2014-03-04 11:10:01,0.10154861640010154
0.16489988221436985,0.43297997644287395,0.0,0.011071849234393404,0.04711425206124853,0.0,8490,0.0020023557126030624,2014-03-04 11:10:01,0.011778563015312132,0.001531213191990577,0.058775029446407535,2014-03-04 11:15:01,0.26984687868080093
0.25752855659397716,0.4113303334487135,0.0,0.013614860966885889,0.10188069689627322,0.0,8667,0.035306334371754934,2014-03-04 11:15:01,0.0,0.02353755624783662,0.05180569978077766,2014-03-04 11:20:01,0.104995961693781
0.24250681198910082,0.4491825613079019,0.0,0.048365122615803814,0.09904632152588556,0.0,7340,0.00013623978201634878,2014-03-04 11:20:01,0.0,0.02438692098092643,0.00013623978201634878,2014-03-04 11:25:01,0.1362397820163488
0.32559480894015863,0.3476568132660418,0.0,0.04873828406633021,0.1330930064888248,0.0,6935,0.018745493871665464,2014-03-04 11:25:01,0.00028839221341023794,0.014563806777217015,0.03677000720980533,2014-03-04 11:30:01,0.07454938716654651
0.25634903407857607,0.44475797699153463,0.0,0.027024093770349467,0.0,0.0,9214,0.0029303234208812676,2014-03-04 11:30:01,0.003038853917950944,0.00010853049706967658,0.17397438680269156,2014-03-04 11:35:01,0.09181680052094639
0.311787072243346,0.28926586721263525,0.0,0.1637905820415326,0.03012576776835332,0.0,3419,0.0002924831822170225,2014-03-04 11:35:01,0.0,0.004972214097689383,0.07282831237203861,2014-03-04 11:40:01,0.12693770108218777
0.41798941798941797,0.25170068027210885,0.0,0.06991685563114135,0.02985638699924414,0.0,2646,0.0,2014-03-04 11:40:01,0.0,0.08087679516250945,0.11148904006046863,2014-03-04 11:45:01,0.038170823885109596
0.1389412369367826,0.27839643652561247,0.0,0.06373136885386328,0.057563817029295875,0.0,5837,0.047113243104334415,2014-03-04 11:45:01,0.01713208840157615,0.0,0.08137741990748672,2014-03-04 11:50:01,0.3157443892410485
0.33695170580416484,0.22972972972972974,0.0,0.04762959680992468,0.13358440407620736,0.0,4514,0.00022153300841825432,2014-03-04 11:50:01,0.0,0.04652193176783341,0.15972529906956137,2014-03-04 11:55:01,0.04563579973416039
0.2260591990713871,0.4183110853163088,0.0,0.033807312826465465,0.0,0.0,6892,0.05876378409750435,2014-03-04 11:55:01,0.0,0.014509576320371444,0.07762623331398723,2014-03-04 12:00:01,0.1709228090539756
0.2824136659702593,0.292245299250338,0.0,0.06144770800049158,0.06390561632051124,0.0,8137,0.030600958584244806,2014-03-04 12:00:01,0.0,0.05210765638441686,0.011797959936094385,2014-03-04 12:05:01,0.20548113555364386
0.18625553097345132,0.28664269911504425,0.0,0.055724557522123894,0.08351769911504425,0.0,7232,0.09720685840707964,2014-03-04 12:05:01,0.02765486725663717,0.013827433628318585,0.11241703539823009,2014-03-04 12:10:01,0.1367533185840708
0.12816691505216096,0.3313462493790363,0.0,0.10643318430203676,0.061599602583209144,0.0,8052,0.013288623944361649,2014-03-04 12:10:01,0.0,0.012543467461500249,0.1957277694982613,2014-03-04 12:15:01,0.15089418777943367
0.3183646739638881,0.1536158667789316,0.0,0.18635980914959305,0.05089344185611376,0.0,10689,0.044999532229394706,2014-03-04 12:15:01,0.0001871082421180653,0.04733838525587052,0.11217139114978014,2014-03-04 12:20:01,0.08606979137431003
0.3382312925170068,0.3893877551020408,0.0,0.027482993197278913,0.0032653061224489797,0.0,3675,0.054965986394557825,2014-03-04 12:20:01,0.018775510204081632,0.0,0.08489795918367347,2014-03-04 12:25:01,0.08299319727891157
0.163530909605319,0.39864195784410805,0.0,0.15065780166926016,0.11684821049653417,0.0,7069,0.04031687650304145,2014-03-04 12:25:01,0.0,0.00028292544914415053,0.09690196633187155,2014-03-04 12:30:01,0.03281935210072146
0.12749091709787516,0.6934933392051085,0.0,0.07706704833204889,0.04480898381591985,0.0,9083,0.009137950016514367,2014-03-04 12:30:01,0.0,0.0208081030496532,0.023780689199603654,2014-03-04 12:35:01,0.0034129692832764505
0.09591797001752222,0.4254007398273736,0.0,0.0952689986371601,0.027127003699136867,0.0,15409,0.030047374910766436,2014-03-04 12:35:01,0.0,0.02595885521448504,0.07528068012200662,2014-03-04 12:40:01,0.22499837757154909
0.15873229939312206,0.5805799055967633,0.0,0.030343897505057317,0.06756574511126096,0.0,7415,0.00013486176668914363,2014-03-04 12:40:01,0.0,0.013486176668914362,0.07983816587997303,2014-03-04 12:45:01,0.06931894807821982
0.3304042179261863,0.29730521382542474,0.0,0.0,0.12419449326303457,0.0,3414,0.05858230814294083,2014-03-04 12:45:01,0.0,0.008787346221441126,0.17838312829525482,2014-03-04 12:50:01,0.0023432923257176333
0.2684847320914154,0.46168619166506625,0.0,0.10178605723065105,0.003456884962550413,0.0,5207,0.01939696562319954,2014-03-04 12:50:01,0.014595736508546188,0.0011522949875168043,0.10044171307854811,2014-03-04 12:55:01,0.028999423852506243
0.32508549587608127,0.4731442365721183,0.0,0.038020519010259504,0.007845503922751962,0.0,4971,0.060350030175015085,2014-03-04 12:55:01,0.0,0.0,0.045262522631261314,2014-03-04 13:00:01,0.05029169181251257
0.10682110682110682,0.3148863148863149,0.0,0.1793221793221793,0.04332904332904333,0.0,2331,0.0,2014-03-04 13:00:01,0.0,0.0,0.09094809094809095,2014-03-04 13:05:01,0.2646932646932647
0.37591184230948316,0.20254539810647215,0.0,0.09436597858140618,0.07760360080707746,0.0,6443,0.0712401055408971,2014-03-04 13:05:01,0.0,0.01800403538724197,0.09483160018624864,2014-03-04 13:10:01,0.06549743908117336
0.28178046020369674,0.2552495913491764,0.0,0.1658493650194895,0.0370929209103483,0.0,7953,0.10222557525462089,2014-03-04 13:10:01,0.0,0.01684898780334465,0.1026027913994719,2014-03-04 13:15:01,0.03835030805985163
0.3680351906158358,0.29527126099706746,0.0,0.03280791788856305,0.06121700879765396,0.0,5456,0.013563049853372434,2014-03-04 13:15:01,0.0,0.011730205278592375,0.12115102639296188,2014-03-04 13:20:01,0.09622434017595308
0.27378479434981307,0.4185708350643955,0.0,0.012255920232654757,0.12879102617366014,0.0,4814,0.006439551308683008,2014-03-04 13:20:01,0.011632737847943497,0.011425010386373079,0.0943082675529705,2014-03-04 13:25:01,0.04279185708350644
0.22238717339667458,0.23574821852731592,0.0,0.15736342042755344,0.0,0.0,3368,0.0002969121140142518,2014-03-04 13:25:01,0.0,0.03622327790973872,0.057897862232779096,2014-03-04 13:30:01,0.290083135391924
0.19506966773847803,0.3819221150410861,0.0,0.036084315827081104,0.07145409074669525,0.0,2799,0.0003572704537334762,2014-03-04 13:30:01,0.0,0.18292247231153982,0.1261164701679171,2014-03-04 13:35:01,0.006073597713469096
0.4962793360045793,0.2619729059339821,0.0,0.05876741079946575,0.019080328181644724,0.0,5241,0.0,2014-03-04 13:35:01,0.0,0.019080328181644724,0.03262736119061248,2014-03-04 13:40:01,0.11219232970807098
0.23228499320520288,0.586488060570763,0.0,0.046592894583576,0.035235876528829355,0.0,10302,0.0018443020772665503,2014-03-04 13:40:01,0.0,0.0011648223645894002,0.062220927975150456,2014-03-04 13:45:01,0.0341681226946224
0.25289215076502053,0.3992204668905751,0.0,0.06194800348302028,0.025210432475017624,0.0,24117,0.018037069287224778,2014-03-04 13:45:01,0.0017415101380768752,0.008541692581996102,0.09773189036779036,2014-03-04 13:50:01,0.13467678401127836
0.18169375534644996,0.4602224123182207,0.0,0.1298545765611634,0.041231822070145425,0.0,5845,0.03028229255774166,2014-03-04 13:50:01,0.00017108639863130882,0.041231822070145425,0.055260906757912745,2014-03-04 13:55:01,0.06005132591958939
0.44687063602894506,0.34226228259489655,0.0,0.048495620159959375,0.03262663450552241,0.0,7877,0.03833946934111972,2014-03-04 13:55:01,0.006347594261774787,0.0,0.014853370572553003,2014-03-04 14:00:01,0.07020439253522914
0.3078579711745541,0.4456899884035562,0.0,0.03837870672041526,0.028991109393119444,0.0,18109,0.012314318846982164,2014-03-04 14:00:01,0.0022640675907007564,0.011099453310508586,0.03489977359324093,2014-03-04 14:05:01,0.11850461096692252
0.3553760366028024,0.3201315413211324,0.0,0.03939090649127824,0.09493851873034029,0.0,13988,0.018015441807263367,2014-03-04 14:05:01,0.0,0.007148984844152131,0.0295253074063483,2014-03-04 14:10:01,0.13547326279668287
0.4040514049226748,0.32748856458287956,0.0,0.07993901110869092,0.06697887170551078,0.0,9182,0.0011979960792855588,2014-03-04 14:10:01,0.0,0.010890873448050533,0.011326508385972555,2014-03-04 14:15:01,0.09812676976693531
0.2864876119092234,0.4982302727462003,0.0,0.025192587965854673,0.041640641265875494,0.0,4803,0.006246096189881324,2014-03-04 14:15:01,0.0,0.0,0.03643556110764106,2014-03-04 14:20:01,0.10576722881532376
0.28373222337842524,0.28529309746791537,0.0,0.05584460631286854,0.062434963579604576,0.0,5766,0.0492542490461325,2014-03-04 14:20:01,0.004856052722858134,0.0346860908775581,0.16129032258064516,2014-03-04 14:25:01,0.06260839403399236
0.2798626441010547,0.22001471670345843,0.0,0.046357615894039736,0.04954623497669855,0.0,4077,0.043659553593328425,2014-03-04 14:25:01,0.007848908511160166,0.02452783909737552,0.1309786607799853,2014-03-04 14:30:01,0.19720382634289918
0.2967196819085487,0.43961232604373757,0.0,0.02907554671968191,0.04473161033797217,0.0,8048,0.02969681908548708,2014-03-04 14:30:01,0.0,0.03752485089463221,0.09430914512922466,2014-03-04 14:35:01,0.028330019880715707
0.25622107451874704,0.4946676504125025,0.0,0.007445167348581394,0.020323294654235696,0.0,14909,0.04366490039573412,2014-03-04 14:35:01,0.0,0.016701321349520425,0.03192702394526796,2014-03-04 14:40:01,0.12904956737541082
0.21445006902899216,0.310630464795214,0.0,0.1417395306028532,0.04601932811780948,0.0,2173,0.01150483202945237,2014-03-04 14:40:01,0.02807179015186378,0.046479521398987575,0.19926369075011505,2014-03-04 14:45:01,0.0018407731247123793
0.30335182059319993,0.2717627200385821,0.0,0.0802990113334941,0.07234145165179648,0.0,4147,0.0007234145165179648,2014-03-04 14:45:01,0.0,0.0004822763443453099,0.08680974198215577,2014-03-04 14:50:01,0.18422956353990838
0.18970223325062036,0.5122828784119107,0.0,0.016004962779156327,0.019975186104218362,0.0,8060,0.00012406947890818859,2014-03-04 14:50:01,0.0,0.0,0.10397022332506203,2014-03-04 14:55:01,0.15794044665012408
0.17705767984445886,0.21568373298768634,0.0,0.014906027219701879,0.013869086195722618,0.0,7715,0.013091380427738173,2014-03-04 14:55:01,0.0012961762799740765,0.11069345430978612,0.12676604018146467,2014-03-04 15:00:01,0.32663642255346725
0.40519561167460155,0.24808528255019666,0.0,0.038915338439246536,0.00020699648105982198,0.0,9662,0.01045332229352101,2014-03-04 15:00:01,0.0,0.02090664458704202,0.14179258952597806,2014-03-04 15:05:01,0.1344442144483544
0.14014155712841253,0.5759352881698686,0.0,0.06370070778564206,0.0,0.0,4945,0.0416582406471183,2014-03-04 15:05:01,0.008088978766430738,0.005662285136501517,0.03114256825075834,2014-03-04 15:10:01,0.13367037411526794
0.2650881695504595,0.3563208874906863,0.0,0.028230813809090156,0.08717609073598807,0.0,12079,0.03245301763391009,2014-03-04 15:10:01,0.0,0.018213428263929132,0.12037420316251345,2014-03-04 15:15:01,0.0921433893534233
0.3191363251481795,0.35325994919559695,0.0,0.03954276037256562,0.05165114309906858,0.0,11810,0.015918712955122778,2014-03-04 15:15:01,0.0,0.020745131244707875,0.12294665537679932,2014-03-04 15:20:01,0.07679932260795935
0.17746104423602393,0.5988479432833617,0.0,0.03153386012849863,0.045048371612140904,0.0,13541,0.0015508455800900967,2014-03-04 15:20:01,0.0,0.015508455800900968,0.06720330847057086,2014-03-04 15:25:01,0.06284617088841297
0.16366345062429058,0.4298382519863791,0.0,0.09179909194097616,0.028376844494892167,0.0,14096,0.028518728717366628,2014-03-04 15:25:01,0.007590805902383655,0.0051787741203178205,0.0891032917139614,2014-03-04 15:30:01,0.15593076049943247
0.2799623706491063,0.4926622765757291,0.0,0.01975540921919097,0.0380997177798683,0.0,10630,0.014016933207902163,2014-03-04 15:30:01,0.0,0.0002822201317027281,0.06077140169332079,2014-03-04 15:35:01,0.09444967074317968
0.2873557132267288,0.3501006036217304,0.0,0.03224610822831727,0.04617176744678598,0.0,18886,0.009372021603304035,2014-03-04 15:35:01,0.0,0.021338557661760033,0.14640474425500372,2014-03-04 15:40:01,0.10701048395636979
0.29439639853097976,0.34930695415235163,0.0,0.04300438336689966,0.0,0.0,16882,0.013979386328634049,2014-03-04 15:40:01,0.002961734391659756,0.011965406942305414,0.14950835209098448,2014-03-04 15:45:01,0.13487738419618528
0.2627028408364922,0.3958856850802845,0.0,0.061118446271135905,0.019890114570467226,0.0,23479,0.036671067762681545,2014-03-04 15:45:01,4.259125175688913e-05,0.007794199071510711,0.0682311853145364,2014-03-04 15:50:01,0.14766386984113464
0.21063274972061094,0.5351498057580757,0.0,0.07492948752062158,0.012027034218508861,0.0,18791,0.03735830982917354,2014-03-04 15:50:01,0.0,0.005215262625725081,0.10334734713426641,2014-03-04 15:55:01,0.021340003193017935
0.14006433640644692,0.5887776082775088,0.0,0.11673409829541687,0.005637726338130928,0.0,60308,0.047406645884459774,2014-03-04 15:55:01,0.0,0.03405849970153214,0.023695032168203223,2014-03-04 16:00:01,0.043626052928301386
0.21354575095959388,0.5502909736266458,0.0,0.0550992612158983,0.0,0.0,24229,0.024433530067274754,2014-03-05 09:30:01,0.0,0.018572784679516282,0.07259895166948697,2014-03-05 09:35:01,0.06545874778158406
0.22162294680068645,0.3886736945329738,0.0,0.10129933807305712,0.0,0.0,20395,0.04113753370924246,2014-03-05 09:35:01,0.002451581269919098,0.01980877666094631,0.10438833047315518,2014-03-05 09:40:01,0.12061779848001962
0.33730043541364296,0.19100145137880986,0.0,0.08737300435413643,0.0,0.0,6890,0.03193033381712627,2014-03-05 09:40:01,0.0,0.021915820029027575,0.17735849056603772,2014-03-05 09:45:01,0.15312046444121916
0.18508306822198656,0.5036408624955815,0.0,0.0480028278543655,0.0,0.0,14145,0.007069635913750442,2014-03-05 09:45:01,7.069635913750442e-05,0.02834924001413927,0.10965005302226935,2014-03-05 09:50:01,0.11813361611876988
0.21349095966620307,0.3896801112656467,0.0,0.0537413073713491,0.0,0.0,35950,0.02726008344923505,2014-03-05 09:50:01,2.7816411682892907e-05,0.0239221140472879,0.14959666203059804,2014-03-05 09:55:01,0.1422809457579972
0.27231725651131605,0.34106700255983097,0.0,0.05737271951566373,0.0,0.0,24611,0.0242980780951607,2014-03-05 09:55:01,8.126447523465118e-05,0.028605095282597214,0.10284019340945105,2014-03-05 10:00:01,0.1734183901507456
0.30387580067310827,0.32162631636087285,0.0,0.052980132450331126,0.0,0.0,18422,0.03696667028552817,2014-03-05 10:00:01,0.0,0.014710672022581696,0.10720877212029095,2014-03-05 10:05:01,0.16263163608728695
0.23524933384088315,0.42171950622654847,0.0,0.0525314046440807,0.0,0.0,18389,0.013812605361901136,2014-03-05 10:05:01,0.005438033607047692,0.00652564032845723,0.1382348142911523,2014-03-05 10:10:01,0.1264886616999293
0.20481492627144146,0.33879024977430033,0.0,0.013722539873608185,0.0,0.0,16615,0.03219981944026482,2014-03-05 10:10:01,0.0,0.0025880228708997895,0.18284682515798978,2014-03-05 10:15:01,0.22503761661149563
0.3720803168965988,0.4459773255019806,0.0,0.022492373537312753,0.0,0.0,21963,0.019396257341893184,2014-03-05 10:15:01,0.031871784364613215,0.017575012521058142,0.020397941993352455,2014-03-05 10:20:01,0.07020898784319082
0.19734653465346536,0.18506930693069307,0.0,0.042851485148514855,0.0,0.43564356435643564,25250,0.02312871287128713,2014-03-05 10:20:01,0.00047524752475247524,0.008,0.07936633663366337,2014-03-05 10:25:01,0.02811881188118812
0.2759190222264169,0.35675522627530554,0.0,0.050115615119626256,0.0,0.0,21191,0.018875937898164316,2014-03-05 10:25:01,0.004718984474541079,0.019395026190363835,0.10881978198291728,2014-03-05 10:30:01,0.1654004058326648
0.29969788519637464,0.2801737160120846,0.0,0.04414652567975831,0.04414652567975831,0.0,26480,0.015521148036253776,2014-03-05 10:30:01,0.0017371601208459216,0.030211480362537766,0.13361027190332325,2014-03-05 10:35:01,0.15075528700906343
0.27019858981822886,0.37169286499773596,0.0,0.04392263406429912,0.1009120900446342,0.0,15459,0.027168639627401514,2014-03-05 10:35:01,0.004722168316191215,0.03835953166440261,0.06216443495698299,2014-03-05 10:40:01,0.08085904651012356
0.26040114613180515,0.2535243553008596,0.0,0.043667621776504295,0.135243553008596,0.0,8725,0.029226361031518624,2014-03-05 10:40:01,0.0,0.07128939828080229,0.10269340974212035,2014-03-05 10:45:01,0.1039541547277937
0.2547580588524475,0.4311047124095793,0.0,0.034447643795210335,0.05067069316665496,0.0,28478,0.023035325514432194,2014-03-05 10:45:01,0.03230563944097198,0.022192569702928575,0.03251632839384788,2014-03-05 10:50:01,0.11896902872392724
0.4055801532082367,0.2868086302621407,0.0,0.0380209431442828,0.05685571719727318,0.0,14229,0.02108370229812355,2014-03-05 10:50:01,0.01033101412608054,0.033031133600393565,0.03408531871529974,2014-03-05 10:55:01,0.11420338744816923
0.3930477963997517,0.3068901303538175,0.0,0.018001241464928614,0.04866542520173805,0.0,8055,0.00633147113594041,2014-03-05 10:55:01,0.0,0.037243947858473,0.10366232153941651,2014-03-05 11:00:01,0.08615766604593421
0.11631294215563878,0.284019975031211,0.0,0.08531002913025384,0.22929671244277985,0.0,4806,0.020807324178110695,2014-03-05 11:00:01,0.0,0.00020807324178110696,0.16146483562213898,2014-03-05 11:05:01,0.10258010819808573
0.16507246376811593,0.3508695652173913,0.0,0.13869565217391305,0.029855072463768118,0.0,6900,0.035942028985507246,2014-03-05 11:05:01,0.007246376811594203,0.04942028985507246,0.18028985507246376,2014-03-05 11:10:01,0.042608695652173914
0.13101386246262572,0.21310138624626257,0.0,0.13971187822777928,0.0,0.0,3679,0.05436259853220984,2014-03-05 11:10:01,0.10655069312313128,0.08154389779831477,0.17722207121500408,2014-03-05 11:15:01,0.09649361239467247
0.13912029323558814,0.5116627790736421,0.0,0.08330556481172942,0.000999666777740753,0.0,6002,0.06764411862712429,2014-03-05 11:15:01,0.0,0.043652115961346216,0.05998000666444518,2014-03-05 11:20:01,0.09363545484838387
0.15139308492782813,0.38100033568311514,0.0,0.05404498153742867,0.22171869754951326,0.0,5958,0.0,2014-03-05 11:20:01,0.0,0.0,0.10506881503860356,2014-03-05 11:25:01,0.08677408526351124
0.1808273145108339,0.4835193696651346,0.0,0.02304661851608667,0.013591595535128037,0.0,15230,0.01103086014445174,2014-03-05 11:25:01,0.0026263952724885093,0.04215364412344058,0.09192383453709783,2014-03-05 11:30:01,0.15128036769533815
0.17503184713375797,0.41668789808917195,0.0,0.06050955414012739,0.09121019108280255,0.0,7850,0.025477707006369428,2014-03-05 11:30:01,0.0,0.03834394904458599,0.07452229299363057,2014-03-05 11:35:01,0.11821656050955413
0.2379927503398278,0.3367693701857725,0.0,0.057997281377435435,0.06796556411418214,0.0,8828,0.0,2014-03-05 11:35:01,0.0,0.03749433620299048,0.05913004077933847,2014-03-05 11:40:01,0.2026506570004531
0.160876238314497,0.42179433514720244,0.0,0.029998604716059717,0.1251569694432817,0.0,7167,0.014092367796846658,2014-03-05 11:40:01,0.0,0.044370029300962746,0.14748151248779126,2014-03-05 11:45:01,0.056229942793358446
0.09169341894060995,0.288322632423756,0.0,0.10754414125200643,0.14987961476725523,0.0,4984,0.06019261637239166,2014-03-05 11:45:01,0.020064205457463884,0.09369983948635634,0.12439807383627609,2014-03-05 11:50:01,0.06420545746388442
0.22528308264323138,0.24370458002366063,0.0,0.0973466283589657,0.0507013689369613,0.0,5917,0.05965861078249113,2014-03-05 11:50:01,0.0,0.040392090586445835,0.1559912117627176,2014-03-05 11:55:01,0.12692242690552644
0.23035873109991106,0.4017195375037059,0.0,0.06166617254669434,0.059294396679513785,0.0,3373,0.059294396679513785,2014-03-05 11:55:01,0.0,0.08894159501927068,0.059294396679513785,2014-03-05 12:00:01,0.03943077379187667
0.1573859242072699,0.32559938128383603,0.0,0.088553750966744,0.009667440061871617,0.0,5172,0.019334880123743233,2014-03-05 12:00:01,0.0,0.038669760247486466,0.14520494972931167,2014-03-05 12:05:01,0.21558391337973704
0.20589076351158137,0.4389476694309408,0.0,0.0,0.1429796968830426,0.0,3497,0.0,2014-03-05 12:05:01,0.0034315127251930227,0.006005147269087789,0.11695739205032886,2014-03-05 12:10:01,0.08578781812982557
0.14681308188111722,0.3587968488899499,0.0,0.07161613750298401,0.07161613750298401,0.0,4189,0.056338028169014086,2014-03-05 12:10:01,0.0,0.0031033659584626403,0.07615182621150633,2014-03-05 12:15:01,0.21556457388398187
0.11672095548317046,0.255700325732899,0.0,0.07003257328990228,0.1986970684039088,0.0,1842,0.0,2014-03-05 12:15:01,0.0,0.17969598262757872,0.09717698154180239,2014-03-05 12:20:01,0.08197611292073832
0.17093515037593984,0.3755874060150376,0.0,0.03571428571428571,0.07072368421052631,0.0,8512,0.03524436090225564,2014-03-05 12:20:01,0.0058740601503759395,0.03524436090225564,0.10291353383458647,2014-03-05 12:25:01,0.16776315789473684
0.19987515605493134,0.4968789013732834,0.0,0.012484394506866416,0.018976279650436953,0.0,8010,0.01373283395755306,2014-03-05 12:25:01,0.029837702871410736,0.012484394506866416,0.10848938826466917,2014-03-05 12:30:01,0.10724094881398252
0.10825630581231396,0.4294219019269936,0.0,0.03603321322262259,0.031333228889237036,0.0,6383,0.03556321478928404,2014-03-05 12:30:01,0.0,0.004856650477831741,0.24486918376938743,2014-03-05 12:35:01,0.10966630111232963
0.19509129888371404,0.2291712870555186,0.0,0.10017003030975087,0.008871146595697495,0.0,13527,0.043616470762179345,2014-03-05 12:35:01,0.0,0.03696311081540622,0.1270791749833666,2014-03-05 12:40:01,0.2590374805943668
0.3035475234270415,0.39742302543507363,0.0,0.04183400267737617,0.1537817938420348,0.0,5976,0.03346720214190094,2014-03-05 12:40:01,0.0,0.01673360107095047,0.0214190093708166,2014-03-05 12:45:01,0.03179384203480589
0.09606986899563319,0.14055676855895197,0.0,0.10780567685589519,0.28002183406113534,0.0,3664,0.0,2014-03-05 12:45:01,0.0,0.03657205240174673,0.28111353711790393,2014-03-05 12:50:01,0.05786026200873363
0.20991370660244832,0.39293598233995586,0.0,0.022877784467188442,0.08127633955448525,0.0,4983,0.004415011037527594,2014-03-05 12:50:01,0.0,0.0,0.12040939193257075,2014-03-05 12:55:01,0.1681717840658238
0.21442495126705652,0.19337231968810917,0.0,0.07524366471734893,0.008317089018843404,0.0,7695,0.013125406107862248,2014-03-05 12:55:01,0.0,0.02599090318388564,0.20909681611435998,2014-03-05 13:00:01,0.2604288499025341
0.12386511024643321,0.4259403372243839,0.0,0.02594033722438392,0.07107652399481193,0.0,7710,0.0125810635538262,2014-03-05 13:00:01,0.0,0.021011673151750974,0.047600518806744485,2014-03-05 13:05:01,0.27198443579766535
0.39862542955326463,0.3587247040855288,0.0,0.08132875143184422,0.03188239786177931,0.0,5238,0.011836578846888126,2014-03-05 13:05:01,0.0,0.0,0.041237113402061855,2014-03-05 13:10:01,0.07636502481863307
0.15371209480655282,0.31491808992680376,0.0,0.01742767514813524,0.1849076333217149,0.0,5738,0.03555245730219589,2014-03-05 13:10:01,0.01742767514813524,0.04879749041477867,0.08365284071104914,2014-03-05 13:15:01,0.14360404322063436
0.2408193854609043,0.35498376217836625,0.0,0.02035973020234824,0.05008743442418186,0.0,8006,0.06607544341743692,2014-03-05 13:15:01,0.0,0.006245316012990257,0.14039470397202097,2014-03-05 13:20:01,0.12103422433175119
0.15643762508338893,0.5450300200133422,0.0,0.11407605070046697,0.1010673782521681,0.0,2998,0.000333555703802535,2014-03-05 13:20:01,0.0,0.000333555703802535,0.0333555703802535,2014-03-05 13:25:01,0.049366244162775186
0.3280388978930308,0.5034035656401945,0.0,0.039546191247974066,0.0,0.0,3085,0.0,2014-03-05 13:25:01,0.0,0.022690437601296597,0.06482982171799027,2014-03-05 13:30:01,0.04149108589951377
0.35866716585548486,0.3597903406963684,0.0,0.039498315237738675,0.058030700112317486,0.0,5342,0.06121302882815425,2014-03-05 13:30:01,0.0,0.06252339947585174,0.035941594908274054,2014-03-05 13:35:01,0.024335454885810556
0.2008305020762552,0.3121932804832012,0.0,0.10985277463193659,0.001887504718761797,0.0,2649,0.01812004530011325,2014-03-05 13:35:01,0.07550018875047187,0.0,0.2721781804454511,2014-03-05 13:40:01,0.009437523593808984
0.10851063829787234,0.3374468085106383,0.0,0.0425531914893617,0.19148936170212766,0.0,2350,0.08553191489361703,2014-03-05 13:40:01,0.0,0.0851063829787234,0.0425531914893617,2014-03-05 13:45:01,0.10680851063829787
0.370540340488527,0.3515914137675796,0.0,0.022057735011102888,0.11369356032568467,0.0,6755,0.016580310880829015,2014-03-05 13:45:01,0.0,0.027831236121391562,0.0384900074019245,2014-03-05 13:50:01,0.05921539600296077
0.2691519868906186,0.5657517410897174,0.0,0.04287860166598389,0.011743820838454185,0.0,7323,0.0006827802813054759,2014-03-05 13:50:01,0.013655605626109518,0.04096681687832855,0.055168646729482455,2014-03-05 13:55:01,0.0
0.24463966646813579,0.2858844550327576,0.014889815366289458,0.04794520547945205,0.002829064919594997,0.0,6716,0.014889815366289458,2014-03-05 13:55:01,0.0,0.04913639070875521,0.05807027992852889,2014-03-05 14:00:01,0.28171530673019657
0.3176895306859206,0.4778880866425993,0.0,0.03143802647412756,0.06182310469314079,0.0,6648,0.0,2014-03-05 14:00:01,0.0,0.04512635379061372,0.016997593261131167,2014-03-05 14:05:01,0.04903730445246691
0.2953942609115023,0.30407523510971785,0.0,0.09886665059078852,0.15866891728960694,0.0,4147,0.024113817217265493,2014-03-05 14:05:01,0.0,0.04846877260670364,0.03183023872679045,2014-03-05 14:10:01,0.03858210754762479
0.14432617716038246,0.5356305249864695,0.0,0.019123218473750675,0.018040772145047807,0.0,5543,0.036081544290095614,2014-03-05 14:10:01,0.004510193036261952,0.037163990618798486,0.12664622045823562,2014-03-05 14:15:01,0.07847735883095797
0.10859813084112149,0.48,0.018691588785046728,0.038130841121495326,0.0,0.0,5350,0.1252336448598131,2014-03-05 14:15:01,0.018691588785046728,0.165607476635514,0.030654205607476635,2014-03-05 14:20:01,0.014392523364485982
0.14220581849761182,0.5712114633087277,0.0,0.05340859748154581,0.05536257056013895,0.0,4606,0.023664785062961356,2014-03-05 14:20:01,0.0,0.04472427268779852,0.10008684324793747,2014-03-05 14:25:01,0.009335649153278332
0.2764804003336113,0.28753127606338613,0.020850708924103418,0.008340283569641367,0.2944120100083403,0.0,4796,0.041701417848206836,2014-03-05 14:25:01,0.0,0.0,0.020850708924103418,2014-03-05 14:30:01,0.049833194328607174
0.4353790613718412,0.3270758122743682,0.0,0.00036101083032490973,0.0,0.0,2770,0.0,2014-03-05 14:30:01,0.0,0.036101083032490974,0.1963898916967509,2014-03-05 14:35:01,0.004693140794223827
0.15257082896117524,0.40965372507869885,0.0,0.08394543546694648,0.08373557187827912,0.0,4765,0.0465897166841553,2014-03-05 14:35:01,0.0,0.08436516264428122,0.06694648478488982,2014-03-05 14:40:01,0.07219307450157397
0.17308533916849014,0.33654266958424506,0.00087527352297593,0.06039387308533917,0.06783369803063458,0.0,4570,0.06586433260393873,2014-03-05 14:40:01,0.0,0.06717724288840263,0.13413566739606128,2014-03-05 14:45:01,0.09409190371991247
0.2351162351162351,0.23700623700623702,0.0,0.04384804384804385,0.10470610470610471,0.0,5291,0.003969003969003969,2014-03-05 14:45:01,0.0,0.057456057456057454,0.20695520695520694,2014-03-05 14:50:01,0.11094311094311095
0.271180787191461,0.3482321547698466,0.0,0.12875250166777852,0.1027351567711808,0.0,2998,0.0,2014-03-05 14:50:01,0.0,0.08038692461641093,0.03402268178785857,2014-03-05 14:55:01,0.03468979319546364
0.27684852274503674,0.22494919493512583,0.0,0.0991089573237455,0.09379396592152571,0.0,6397,0.021572612161950916,2014-03-05 14:55:01,0.0,0.06252931061435048,0.06377989682663748,2014-03-05 15:00:01,0.15741753947162732
0.1466203625275284,0.23623581229883112,8.470269354565475e-05,0.0011858377096391666,0.017872268338133154,0.0,11806,0.02049805183804845,2014-03-05 15:00:01,0.0036422158224631543,0.0,0.05742842622395392,2014-03-05 15:05:01,0.516432322547857
0.3432170542635659,0.44089147286821706,0.007751937984496124,0.05775193798449613,0.041472868217054266,0.0,5160,0.0,2014-03-05 15:05:01,0.02054263565891473,0.004069767441860465,0.060077519379844964,2014-03-05 15:10:01,0.02422480620155039
0.22171097477845944,0.39706884798909337,0.0,0.07447171097477846,0.06032719836400818,0.00017041581458759374,5868,0.03425357873210634,2014-03-05 15:10:01,0.0,0.07242672119972733,0.0541922290388548,2014-03-05 15:15:01,0.08537832310838446
0.1164513868028437,0.5689396215079604,0.0,0.023230199259036747,0.03624712125763493,0.0,9987,0.010013016921998599,2014-03-05 15:15:01,0.010013016921998599,0.012816661660158206,0.13317312506258136,2014-03-05 15:20:01,0.08911585060578753
0.24102030192608018,0.45453756723928507,0.008676036786395974,0.02689571403782752,0.004685059864653826,0.0,11526,0.03609231303140725,2014-03-05 15:20:01,0.011799410029498525,0.010498004511539129,0.09153218809647753,2014-03-05 15:25:01,0.11426340447683499
0.28544168818049165,0.48535189134583007,0.0,0.0005612302166348636,0.07352115837916713,0.0,8909,0.013469525199236727,2014-03-05 15:25:01,0.0,0.02267370075204849,0.06813334829947244,2014-03-05 15:30:01,0.05084745762711865
0.16069799270072993,0.3986085766423358,0.009010036496350364,0.08006386861313869,0.059534671532846715,0.0,8768,0.05269160583941606,2014-03-05 15:30:01,0.002052919708029197,0.012545620437956205,0.12226277372262774,2014-03-05 15:35:01,0.10253193430656934
0.16966982605978545,0.4874492240391626,0.00010415581710238516,0.04905738985522341,0.05791063430892615,0.0,9601,0.0,2014-03-05 15:35:01,0.0,0.0010415581710238517,0.06103530882199771,2014-03-05 15:40:01,0.17373190292677845
0.12623652738815885,0.5052413996751809,0.0,0.1045327033810719,0.0,0.0,6773,0.035139524582902704,2014-03-05 15:40:01,0.029529012254540087,0.02081795363945076,0.08150007382253063,2014-03-05 15:45:01,0.09700280525616418
0.17963592718543708,0.483496699339868,0.0,0.032906581316263256,0.0,0.0,9998,0.04120824164832967,2014-03-05 15:45:01,0.0,0.003200640128025605,0.23744748949789957,2014-03-05 15:50:01,0.022104420884176836
0.22188399835458658,0.38009049773755654,0.0,0.05331139448786507,0.016454134101192924,0.0,12155,0.032167832167832165,2014-03-05 15:50:01,0.0,0.04385026737967915,0.1679144385026738,2014-03-05 15:55:01,0.08432743726861373
0.11140562461897315,0.5077795743101757,0.0,0.13303469663636122,0.008216926869350863,0.0,37727,0.08945847801309408,2014-03-05 15:55:01,0.0026506215707583426,0.057412463222625706,0.04667744586105442,2014-03-05 16:00:01,0.04336416889760649
0.19523166091810973,0.5158766845642356,0.0,0.04867901717455463,0.0017779042065213526,0.0,56246,0.024037264872168687,2014-03-06 09:30:01,0.0008889521032606763,0.02958432599651531,0.07156064431248445,2014-03-06 09:35:01,0.11236354585214949
0.26188925081433223,0.4137738483015356,0.004839460214053048,0.05072126570497906,0.0,0.0,21490,0.008562121917170777,2014-03-06 09:35:01,0.019357840856212193,0.011633317822242903,0.08073522568636575,2014-03-06 09:40:01,0.14848766868310842
0.2140829945539618,0.3208560251591624,0.007670476336580502,0.04985809618777326,0.0,0.0,13037,0.021784152795888623,2014-03-06 09:40:01,0.0,0.023011429009741506,0.02861087673544527,2014-03-06 09:45:01,0.33412594922144667
0.1477954604748239,0.3076180537438038,0.0,0.025489172971562744,0.0,0.0,38330,0.019332115836159666,2014-03-06 09:45:01,0.0,0.02314114270806157,0.1783720323506392,2014-03-06 09:50:01,0.29825202191494915
0.1665737471349811,0.45889859381775383,0.0,0.0429907699931859,0.00619463544570402,0.0,16143,0.022672365731276713,2014-03-06 09:50:01,0.0,0.04367217989221334,0.09019389208945054,2014-03-06 09:55:01,0.16880381589543456
0.34084102072600936,0.324308134659159,0.0,0.06253743860069486,0.0,0.0,8347,0.03594105666706601,2014-03-06 09:55:01,0.0,0.016173475500179706,0.08362285851204025,2014-03-06 10:00:01,0.13657601533485084
0.33845275478161574,0.356894090779332,0.0,0.027861832714815873,0.0,0.0,17515,0.011989723094490437,2014-03-06 10:00:01,0.0011418783899514702,0.011418783899514702,0.07993148729660292,2014-03-06 10:05:01,0.17230944904367684
0.4126998067802565,0.29404531881257684,0.008782715615668365,0.04391357807834182,0.0,0.0,11386,0.008958369927981732,2014-03-06 10:05:01,0.0,0.01756543123133673,0.1036360442648867,2014-03-06 10:10:01,0.11039873528895135
0.23659639652782843,0.38843095776497194,0.0,0.024071777664308118,0.0,0.0,27418,0.029542636224378145,2014-03-06 10:10:01,0.00010941717120140054,0.030381501203588884,0.05879349332555256,2014-03-06 10:15:01,0.23207382011817054
0.3228786103260495,0.3492796580960915,0.0007582546356931137,0.021437926518232578,0.0,0.0,14507,0.018129179017026265,2014-03-06 10:15:01,0.022816571310401875,0.015302957193079203,0.10277796925622114,2014-03-06 10:20:01,0.1466188736472048
0.33070866141732286,0.4465395772896809,0.0,0.09013675922088686,0.0,0.0,4826,0.0,2014-03-06 10:20:01,0.0,0.020721094073767096,0.08516369664318275,2014-03-06 10:25:01,0.02673021135515955
0.2261846842463754,0.40279264376763646,0.0,0.031040186824948916,0.0,0.0,20554,0.057069183613895104,2014-03-06 10:25:01,0.0048652330446628395,0.03089422983360903,0.1405079303298628,2014-03-06 10:30:01,0.10664590833900944
0.12014938968846785,0.2540535616687921,0.0,0.036800874476225175,0.1124977227181636,0.0,10978,0.05146656950264165,2014-03-06 10:30:01,0.0,0.02095099289488067,0.11003825833485152,2014-03-06 10:35:01,0.2940426307159774
0.27978681546660944,0.37550524019029224,0.0,0.028794219694530887,0.0075115355724863185,0.0,27957,0.011624995528847874,2014-03-06 10:35:01,0.014343456021747684,0.035232678756662014,0.06742497406731766,2014-03-06 10:40:01,0.17977608470150588
0.16734527687296416,0.4034507328990228,0.0,0.017202768729641695,0.0008652280130293159,0.0,19648,0.020969055374592833,2014-03-06 10:40:01,5.0895765472312706e-05,0.019543973941368076,0.1305476384364821,2014-03-06 10:45:01,0.2400244299674267
0.22993003676034626,0.23562196134234556,0.0,0.07328352899324084,0.03557452863749555,0.0,8433,0.05929088106249259,2014-03-06 10:45:01,0.0030831258152496147,0.047432704849994074,0.12925412071623385,2014-03-06 10:50:01,0.18652911182260168
0.27570932599066206,0.2787022626601221,0.0,0.011373159343948282,0.024542080689572608,0.0,8353,0.023943493355680592,2014-03-06 10:50:01,0.0,0.06105590805698551,0.10822458996767628,2014-03-06 10:55:01,0.21644917993535256
0.30163585583189256,0.3230482776965022,0.027131267455778693,0.0486766857294853,0.026599281819390877,0.0,7519,0.013299640909695438,2014-03-06 10:55:01,0.019949461364543158,0.0,0.06649820454847719,2014-03-06 11:00:01,0.17316132464423462
0.2073498655512399,0.3512100388407529,0.0,0.033014639976098,0.04780400358530027,0.0,6694,0.00014938751120406333,2014-03-06 11:00:01,0.0,0.11951000896325067,0.1443083358231252,2014-03-06 11:05:01,0.09665371974902898
0.31798404641044237,0.3096446700507614,0.03625815808556925,0.05003625815808557,0.16424945612762873,0.0,2758,0.0007251631617113851,2014-03-06 11:05:01,0.0,0.0,0.04242204496011603,2014-03-06 11:10:01,0.07868020304568528
0.3929730761886576,0.272675195722742,0.019094901661256443,0.019094901661256443,0.06377697154859653,0.0,5237,0.023486729043345426,2014-03-06 11:10:01,0.0,0.038762650372350584,0.07695245369486348,2014-03-06 11:15:01,0.09318312010693144
0.19027217741935484,0.10408266129032258,0.0,0.12273185483870967,0.0768649193548387,0.0,3968,0.05040322580645161,2014-03-06 11:15:01,0.0,0.10231854838709678,0.15120967741935484,2014-03-06 11:20:01,0.20211693548387097
0.1383390467765122,0.33064248590069667,0.011058277120424637,0.0596041136790888,0.04556010173614951,0.00022116554240849277,9043,0.15802278005086806,2014-03-06 11:20:01,0.016697998451841202,0.06878248368904125,0.06734490766338605,2014-03-06 11:25:01,0.1037266393895831
0.3296665520797525,0.395496734272946,0.0,0.006015812994156067,0.052939154348573395,0.0,5818,0.0,2014-03-06 11:25:01,0.0,0.025438294946717083,0.034376074252320386,2014-03-06 11:30:01,0.15606737710553456
0.3926972097829831,0.24526352049603858,0.006889424733034792,0.05752669652084051,0.01584567688598002,0.0,2903,0.040647605924905274,2014-03-06 11:30:01,0.0,0.038580778504994834,0.10403031346882535,2014-03-06 11:35:01,0.09851877368239752
0.3284346470719216,0.3092852371409486,0.0,0.04876419505678023,0.02293475840570029,0.0,4491,0.0445335114673792,2014-03-06 11:35:01,0.0,0.04230683589401024,0.06902694277443776,2014-03-06 11:40:01,0.13471387218882208
0.34292638594365343,0.39806119357770375,0.013632232656770675,0.060587700696758555,0.0,0.0,3301,0.0,2014-03-06 11:40:01,0.0,0.0,0.002726446531354135,2014-03-06 11:45:01,0.18206604059375947
0.14389183969097055,0.380492515692902,0.0,0.10140028971511347,0.0014485755673587638,0.0,2071,0.0,2014-03-06 11:45:01,0.003380009657170449,0.0,0.049734427812650896,2014-03-06 11:50:01,0.3196523418638339
0.2036090705844778,0.4410731395720217,0.0,0.07026509102523155,0.015969338869370808,0.0,6262,0.031938677738741615,2014-03-06 11:50:01,0.0,0.047748323219418715,0.08224209517725967,2014-03-06 11:55:01,0.10715426381347812
0.41371158392434987,0.364741641337386,0.0,0.04930766632894292,0.00033772374197906115,0.0,2961,0.0,2014-03-06 11:55:01,0.0,0.010469436001350895,0.024991556906450524,2014-03-06 12:00:01,0.1364403917595407
0.1905940594059406,0.3406840684068407,0.0,0.13456345634563457,0.0022502250225022503,0.0,4444,0.045004500450045004,2014-03-06 12:00:01,0.0,0.045004500450045004,0.0855085508550855,2014-03-06 12:05:01,0.15639063906390638
0.13565022421524664,0.6591928251121076,0.0,0.005605381165919282,0.02466367713004484,0.0,892,0.005605381165919282,2014-03-06 12:05:01,0.0,0.01569506726457399,0.0,2014-03-06 12:10:01,0.15358744394618834
0.11506565307532826,0.4585348997926745,0.0,0.09571527297857636,0.07532826537664132,0.0,2894,0.0,2014-03-06 12:10:01,0.02073255010366275,0.060124395300621976,0.0034554250172771253,2014-03-06 12:15:01,0.17104353835521768
0.14722222222222223,0.416358024691358,0.0,0.030864197530864196,0.002777777777777778,0.0,3240,0.0,2014-03-06 12:15:01,0.0,0.0,0.05462962962962963,2014-03-06 12:20:01,0.34814814814814815
0.2272083136513935,0.39820500708549833,0.0,0.08597071327350024,0.04723665564478035,0.0,2117,0.10155880963627775,2014-03-06 12:20:01,0.0,0.04959848842701937,0.0014170996693434106,2014-03-06 12:25:01,0.08880491261218705
0.23146796431467964,0.3970802919708029,0.0,0.07007299270072993,0.09570154095701541,0.0,6165,0.016220600162206,2014-03-06 12:25:01,0.0022708840227088404,0.0340632603406326,0.013300892133008922,2014-03-06 12:30:01,0.13982157339821574
0.36329588014981273,0.26175613816063253,0.0,0.037037037037037035,0.08531002913025384,0.0,2403,0.0,2014-03-06 12:30:01,0.0033291718684977114,0.08322929671244278,0.07948397836038286,2014-03-06 12:35:01,0.08655846858094049
0.006738544474393531,0.41778975741239893,0.0,0.1347708894878706,0.0026954177897574125,0.0,742,0.02021563342318059,2014-03-06 12:35:01,0.0,0.0,0.1347708894878706,2014-03-06 12:40:01,0.2830188679245283
0.08412698412698413,0.2626984126984127,0.0,0.08174603174603175,0.07936507936507936,0.0,1260,0.0,2014-03-06 12:40:01,0.0,0.0,0.20396825396825397,2014-03-06 12:45:01,0.28809523809523807
0.09711286089238845,0.6918635170603674,0.0,0.0,0.0005249343832020997,0.0,1905,0.0,2014-03-06 12:45:01,0.004724409448818898,0.0,0.03517060367454068,2014-03-06 12:50:01,0.17060367454068243
0.15959680806383872,0.2830743385132297,0.0,0.027299454010919783,0.35699286014279713,0.0,2381,0.0,2014-03-06 12:50:01,0.00881982360352793,0.0869382612347753,0.005879882402351953,2014-03-06 12:55:01,0.07139857202855943
0.3170381020848311,0.29690869877785764,0.0,0.07692307692307693,0.011502516175413372,0.0,2782,0.03702372393961179,2014-03-06 12:55:01,0.0,0.15061107117181882,0.037742631200575125,2014-03-06 13:00:01,0.07225017972681524
0.10640550555849657,0.5558496559025939,0.0,0.059290629962943354,0.10640550555849657,0.0,1889,0.05293806246691371,2014-03-06 13:00:01,0.0,0.06617257808364214,0.0,2014-03-06 13:05:01,0.05293806246691371
0.1519364448857994,0.7408142999006951,0.0,0.003972194637537239,0.0,0.0,2014,0.0,2014-03-06 13:05:01,0.0,0.0,0.05362462760675273,2014-03-06 13:10:01,0.04965243296921549
0.3116947472745292,0.4811694747274529,0.0,0.049554013875123884,0.003468780971258672,0.0,2018,0.0,2014-03-06 13:10:01,0.003468780971258672,0.099603567888999,0.008919722497522299,2014-03-06 13:15:01,0.042120911793855305
0.17422680412371133,0.28505154639175256,0.0,0.0288659793814433,0.006701030927835051,0.0,1940,0.0,2014-03-06 13:15:01,0.002061855670103093,0.049484536082474224,0.3443298969072165,2014-03-06 13:20:01,0.10927835051546392
0.17009132420091325,0.4098173515981735,0.0,0.0,0.0273972602739726,0.0,5256,0.13318112633181126,2014-03-06 13:20:01,0.005136986301369863,0.04071537290715373,0.10901826484018265,2014-03-06 13:25:01,0.10464231354642313
0.1635680751173709,0.27718309859154927,0.018779342723004695,0.0739906103286385,0.024788732394366197,0.0,5325,0.0,2014-03-06 13:25:01,0.0,0.0,0.32300469483568073,2014-03-06 13:30:01,0.11868544600938967
0.26693227091633465,0.30059074048633055,0.0,0.0013738150844896278,0.0008242890506937766,0.0,7279,0.029537024316526994,2014-03-06 13:30:01,0.0,0.0,0.07130100288501168,2014-03-06 13:35:01,0.32944085726061273
0.18299445471349354,0.42760320394331486,0.00030807147258163895,0.009242144177449169,0.09704251386321626,0.0,3246,0.0,2014-03-06 13:35:01,0.0,0.04559457794208256,0.053604436229205174,2014-03-06 13:40:01,0.1836105976586568
0.2961916718978866,0.3134546976354886,0.0,0.05775266792215945,0.0,0.0,9558,0.05001046243984097,2014-03-06 13:40:01,0.05754341912534003,0.08600125549278091,0.06235614145218665,2014-03-06 13:45:01,0.07668968403431681
0.24683473389355742,0.3142857142857143,0.0,0.012436974789915966,0.060056022408963586,0.0,8925,0.02969187675070028,2014-03-06 13:45:01,0.007507002801120448,0.011316526610644258,0.1388235294117647,2014-03-06 13:50:01,0.17904761904761904
0.2760605792223895,0.2825259055885218,0.0,0.06359047028606855,0.05393676379417235,0.0,11291,0.021167301390488,2014-03-06 13:50:01,0.0,0.04499158621911257,0.1921884686918785,2014-03-06 13:55:01,0.0655389248073687
0.3094001879048608,0.34475597092419524,0.0,0.00988972951589774,0.06977204173465856,0.0,20223,0.01977945903179548,2014-03-06 13:55:01,0.0087524106215695,0.022993621124462245,0.11704494882064975,2014-03-06 14:00:01,0.0976116303219107
0.19207892064413173,0.47533729870883507,0.007253735673872044,0.05955316988248948,0.03082837661395619,0.0,13786,0.033222109386333964,2014-03-06 14:00:01,0.008124183954736689,0.014652546061221529,0.03612360365588278,2014-03-06 14:05:01,0.14282605541854054
0.24150242787774923,0.5014281633818909,0.0,0.032562125107112254,0.04284490145672665,0.0,7002,0.02956298200514139,2014-03-06 14:05:01,0.00856898029134533,0.0,0.008997429305912597,2014-03-06 14:10:01,0.13453299057412169
0.04630541871921182,0.2935960591133005,0.0,0.09293924466338259,0.09885057471264368,0.0,3045,0.09852216748768473,2014-03-06 14:10:01,0.0,0.0,0.20656814449917899,2014-03-06 14:15:01,0.1632183908045977
0.19201841903300076,0.3370683039140445,0.03069838833461243,0.013353798925556408,0.08380660015349194,0.0,6515,0.009363008442056791,2014-03-06 14:15:01,0.012279355333844973,0.015349194167306216,0.0953184957789716,2014-03-06 14:20:01,0.21074443591711436
0.3349653202774378,0.22276621787025705,0.008363933088535292,0.08057935536515708,0.10199918400652795,0.0,4902,0.07384740922072623,2014-03-06 14:20:01,0.0002039983680130559,0.09057527539779682,0.031619747042023666,2014-03-06 14:25:01,0.05507955936352509
0.16050930838236713,0.35989196488858877,0.009645992090286486,0.04215298543455195,0.08141217324201794,0.0,10367,0.05941931127616475,2014-03-06 14:25:01,0.009645992090286486,0.09472364232661329,0.11662004437156362,2014-03-06 14:30:01,0.06597858589755956
0.13575490735644835,0.29168959823885526,0.0,0.027334434048798387,0.12199596404329481,0.0,5451,0.041093377361951934,2014-03-06 14:30:01,0.0196294257934324,0.0366905155017428,0.11098880939277196,2014-03-06 14:35:01,0.21482296826270408
0.09840996991834981,0.3867640739149119,0.0,0.05715513536742587,0.042973785990545764,0.0,2327,0.0,2014-03-06 14:35:01,0.05027932960893855,0.001289213579716373,0.1065749892565535,2014-03-06 14:40:01,0.25655350236355823
0.20177587262706675,0.4960195958358849,0.0,0.003061849357011635,0.0,0.0,3266,0.0,2014-03-06 14:40:01,0.0,0.031537048377219844,0.1451316595223515,2014-03-06 14:45:01,0.1224739742804654
0.1046831955922865,0.35311795642374155,0.0005008765339343851,0.06636614074630603,0.014775857751064363,0.0,3993,0.0,2014-03-06 14:45:01,0.00025043826696719256,0.08965689957425495,0.15376909591785626,2014-03-06 14:50:01,0.2168795391935888
0.16356661241571727,0.4833759590792839,0.005115089514066497,0.041501976284584984,0.02278539874447803,0.0,8602,0.023715415019762844,2014-03-06 14:50:01,0.016624040920716114,0.041501976284584984,0.15229016507788887,2014-03-06 14:55:01,0.04952336665891653
0.4227511093182735,0.3662767244856797,0.04033884630899556,0.056070996369503835,0.015328761597418314,0.0,2479,0.01734570391286809,2014-03-06 14:55:01,0.0,0.007664380798709157,0.04195240016135539,2014-03-06 15:00:01,0.03227107704719645
0.21854636591478696,0.4523809523809524,0.0,0.14962406015037594,0.017293233082706767,0.0,3990,0.02280701754385965,2014-03-06 15:00:01,0.02581453634085213,0.0,0.039598997493734335,2014-03-06 15:05:01,0.07393483709273183
0.17599147923062464,0.5914416389950504,0.0,0.0140342083829334,0.04191466700081448,0.0,15961,0.01253054319904768,2014-03-06 15:05:01,0.00018795814798571519,0.0280684167658668,0.03940855836100495,2014-03-06 15:10:01,0.09642252991667188
0.0770412080880471,0.550550294343486,0.0,0.07729715894548246,0.06168415664192475,0.0,3907,0.0,2014-03-06 15:10:01,0.008190427437931917,0.005119017148707448,0.15613002303557716,2014-03-06 15:15:01,0.0639877143588431
0.1603502531126009,0.4820084826925708,0.0,0.0340675879053222,0.038856204679162676,0.0,7309,0.0008209057326583664,2014-03-06 15:15:01,0.0,0.015734026542618688,0.1514571076754686,2014-03-06 15:20:01,0.11670543165959775
0.23753753753753754,0.436036036036036,0.0,0.07237237237237237,0.0,0.0,3330,0.0,2014-03-06 15:20:01,0.0,0.21021021021021022,0.010810810810810811,2014-03-06 15:25:01,0.03303303303303303
0.33586853184843135,0.2735298112182534,0.013581420616596496,0.04332473176694282,0.06790710308298248,0.0,7363,0.10770066548961021,2014-03-06 15:25:01,0.0,0.005568382452804563,0.01670514735841369,2014-03-06 15:30:01,0.13581420616596496
0.24820594600751794,0.42191593575578085,0.0,0.012074268139879257,0.011846451759881535,0.0,8779,0.15696548581843034,2014-03-06 15:30:01,0.011390818999886091,0.031780385009682194,0.07882446747921175,2014-03-06 15:35:01,0.02699624102973004
0.20258973938698574,0.3940337649565645,0.0,0.034584494345189315,0.06179314866415342,0.0,6101,0.01704638583838715,2014-03-06 15:35:01,0.0,0.053761678413374855,0.13243730535977707,2014-03-06 15:40:01,0.10375348303556794
0.19193315700889638,0.47307044962731426,0.0,0.06185381101226256,0.012022120702091849,0.0,16636,0.03702813176244289,2014-03-06 15:40:01,0.00012022120702091849,0.06672276989660976,0.07928588603029574,2014-03-06 15:45:01,0.07796345275306564
0.26410200994164684,0.4725524097687486,0.0,0.06797060730494921,0.0,0.0,18508,0.023395288523881563,2014-03-06 15:45:01,0.005943375837475686,0.042684244650961746,0.07110438729198185,2014-03-06 15:50:01,0.05224767668035444
0.1560323637853339,0.4860200737402704,0.010241704219582138,0.08403318312167145,0.0,0.0,19528,0.06139901679639492,2014-03-06 15:50:01,0.013672675133142154,0.02447767308480131,0.11747234739860712,2014-03-06 15:55:01,0.04665096272019664
0.09675809835730004,0.5560104395885573,0.0,0.08776418811729185,0.0,0.0,78164,0.09198608054859014,2014-03-06 15:55:01,0.0,0.02916943861624277,0.08085563686607646,2014-03-06 16:00:01,0.05745611790594135
0.1694476818556525,0.4686318542312175,0.0,0.05906933113505216,0.0,0.0,35179,0.01830637596293243,2014-03-07 09:30:01,0.0,0.0376929418118764,0.10742204155888456,2014-03-07 09:35:01,0.13942977344438442
0.20609572679819516,0.36247014067061845,0.0,0.06078032380783863,0.0,0.0,22606,0.05418915332212687,2014-03-07 09:35:01,0.0,0.015305671060780323,0.05197735114571353,2014-03-07 09:40:01,0.24918163319472705
0.3121432788821098,0.3082562487699272,0.0,0.0073804369218657745,0.0,0.0,20324,0.03355638653808306,2014-03-07 09:40:01,0.0,0.0098405825624877,0.10234205864987207,2014-03-07 09:45:01,0.2264810076756544
0.16763389890577238,0.41957205511008727,0.0,0.03300403136490498,0.0,0.0,22573,0.009391751207194435,2014-03-07 09:45:01,0.00017720285296593275,4.430071324148319e-05,0.10184733974216985,2014-03-07 09:50:01,0.2683294201036637
0.2097109088005111,0.4085152987884181,0.002281698496360691,0.0353206927236635,2.281698496360691e-05,0.0,43827,0.025646291099094165,2014-03-07 09:50:01,0.00018253587970885527,0.01592625550459762,0.15241745955689415,2014-03-07 09:55:01,0.14997604216578822
0.3492894202571622,0.2907737423866456,0.0,0.019490187232122716,0.0,0.0,22165,0.019896232799458607,2014-03-07 09:55:01,0.0,0.00013534852244529664,0.10665463568689375,2014-03-07 10:00:01,0.21376043311527182
0.25134490599523046,0.3079141478564694,0.005767844268204758,0.0474737951306084,0.0,0.0,18031,0.017137152681492983,2014-03-07 10:00:01,0.0,0.004603183406355721,0.11214020298375021,2014-03-07 10:05:01,0.2536187676778881
0.32130807163249414,0.322778787092309,0.0,0.02240678259364997,0.0,0.0,11559,0.008651267410675664,2014-03-07 10:05:01,0.010468033566917553,0.0,0.11661908469590795,2014-03-07 10:10:01,0.1977679730080457
0.306158357771261,0.4079912023460411,0.0,0.015175953079178886,0.0,0.0,13640,0.0008064516129032258,2014-03-07 10:10:01,0.0,0.006818181818181818,0.10733137829912023,2014-03-07 10:15:01,0.1557184750733138
0.203492739108663,0.39327741612418626,0.0,0.012518778167250876,0.0,0.0,15976,0.0336129193790686,2014-03-07 10:15:01,0.006259389083625438,0.02503755633450175,0.11586129193790685,2014-03-07 10:20:01,0.2099399098647972
0.3417759460472087,0.3429748969651555,0.015061820906706632,0.024053952791307606,0.0,0.0,13345,0.013113525665043087,2014-03-07 10:20:01,0.016185837392281754,0.02240539527913076,0.11629823904083926,2014-03-07 10:25:01,0.10813038591232671
0.40965993100049286,0.23814687037949728,0.0,0.02286840808279941,0.0,0.0,10145,0.0,2014-03-07 10:25:01,0.0049285362247412515,0.03982257269590932,0.10921636274026614,2014-03-07 10:30:01,0.17535731887629374
0.36400541271989173,0.22450485914626644,0.018452454176405463,0.023742157706975027,0.0348136302128183,0.0,8129,0.03813507196457129,2014-03-07 10:30:01,0.009349243449378767,0.036904908352810926,0.0922622708820273,2014-03-07 10:35:01,0.15782999138885473
0.36889207087882586,0.26284231251118667,0.010291748702344729,0.010649722570252372,0.0284589224986576,0.0,11174,0.04474673348845534,2014-03-07 10:35:01,0.0,0.035797386790764274,0.13853588688025775,2014-03-07 10:40:01,0.09978521567925541
0.3045822102425876,0.19564240790655885,0.022461814914645103,0.0981581311769991,0.0673854447439353,0.0,4452,0.0,2014-03-07 10:40:01,0.013701707097933512,0.0,0.08602875112309075,2014-03-07 10:45:01,0.21203953279424978
0.1409767115818989,0.3345276111846717,0.0,0.04501908248305943,0.031155074382740088,0.0,12839,0.04198146273074227,2014-03-07 10:45:01,0.0,0.047589376119635485,0.1359918996806605,2014-03-07 10:50:01,0.22275878183659165
0.219385057037093,0.33293042230112563,0.009065498224673264,0.023721387021228377,0.016317896804411876,0.0,13237,0.01813099644934653,2014-03-07 10:50:01,0.0021152829190904283,0.030218327415577548,0.1343204653622422,2014-03-07 10:55:01,0.21379466646521114
0.22958160673706723,0.3702379361047988,0.00334179922470258,0.03839727309183264,0.00334179922470258,0.0,29924,0.014035556743750835,2014-03-07 10:55:01,0.0,0.021220425076861383,0.20368266274562224,2014-03-07 11:00:01,0.11616094105066167
0.20389237996461473,0.4072966872063937,0.0030809590629003723,0.03013849063510463,0.023122445244341407,0.0,32782,0.008541272649624794,2014-03-07 11:00:01,0.000976145445671405,0.012293331706424257,0.1318101397108169,2014-03-07 11:05:01,0.17884814837410773
0.3307662687716596,0.23496341932999615,0.0007701193685021178,0.01686561417019638,0.031266846361185985,0.0,12985,0.023103581055063535,2014-03-07 11:05:01,0.0,0.015710435117443203,0.13931459376203312,2014-03-07 11:10:01,0.2072391220639199
0.17997376475732402,0.3783996501967643,0.00874508089199825,0.009532138172278094,0.0174901617839965,0.0,11435,0.03235679930039353,2014-03-07 11:10:01,0.0,0.013117621337997376,0.15662439877568868,2014-03-07 11:15:01,0.20376038478355923
0.1560801094314475,0.4692925537511837,0.0,0.006523797832415559,0.04882326119743257,0.0,28511,0.02669145242187226,2014-03-07 11:15:01,0.0,0.003577566553260145,0.11399109115779875,2014-03-07 11:20:01,0.17502016765458947
0.2522025489692926,0.3842271833033958,0.0,0.020314772046873663,0.02514754939697203,0.0,23382,0.052305192028055766,2014-03-07 11:20:01,0.0005987511761183816,0.01308698999230177,0.14707894961936532,2014-03-07 11:25:01,0.10503806346762466
0.25496224019247476,0.476107732406603,6.683151774376797e-05,0.023056873621599947,0.026732607097507185,0.0,14963,0.009490075519615051,2014-03-07 11:25:01,0.003341575887188398,0.013366303548753592,0.1086680478513667,2014-03-07 11:30:01,0.08420771235714763
0.2461691542288557,0.48776119402985074,0.0,0.021890547263681594,0.0354228855721393,0.0,5025,0.001990049751243781,2014-03-07 11:30:01,0.0,0.016318407960199004,0.10388059701492537,2014-03-07 11:35:01,0.08656716417910448
0.20986831138523088,0.3757292882147025,0.0,0.023670611768628103,0.03333888981496916,0.0,5999,0.0,2014-03-07 11:35:01,0.0,0.03667277879646608,0.1368561426904484,2014-03-07 11:40:01,0.18386397732955492
0.19075834434545377,0.25047956008355005,0.0,0.03636131122383733,0.008525512596444861,0.3197067223666823,23459,0.012788268894667292,2014-03-07 11:40:01,0.0,0.004262756298222431,0.06385608934737201,2014-03-07 11:45:01,0.11326143484376998
0.2759078830823738,0.45969884853852966,0.0,0.04650132860938884,0.033215234720992026,0.0,9032,0.08270593445527015,2014-03-07 11:45:01,0.0,0.002657218777679362,0.01228963684676705,2014-03-07 11:50:01,0.08702391496899911
0.4505431675242996,0.23556317895940537,0.0,0.05717552887364208,0.002858776443682104,0.0,3498,0.05717552887364208,2014-03-07 11:50:01,0.0,0.022870211549456832,0.07204116638078903,2014-03-07 11:55:01,0.1017724413950829
0.17699736611062336,0.6171202809482002,0.0,0.020105355575065847,0.04424934152765584,0.0,11390,0.0,2014-03-07 11:55:01,0.0,0.0001755926251097454,0.10763827919227392,2014-03-07 12:00:01,0.033713784021071114
0.3973609032784655,0.22962862195619643,0.0,0.027207182696231805,0.016324309617739084,0.0,7351,0.027207182696231805,2014-03-07 12:00:01,0.0,0.027343218609712963,0.13562780574071556,2014-03-07 12:05:01,0.13930077540470684
0.48968729208250167,0.24484364604125083,0.0,0.034597471723220224,0.036593479707252165,0.0,3006,0.028942115768463075,2014-03-07 12:05:01,0.0,0.0,0.05089820359281437,2014-03-07 12:10:01,0.11443779108449767
0.2955499580184719,0.34151973131822,0.0,0.0787153652392947,0.1473551637279597,0.0,4764,0.01322418136020151,2014-03-07 12:10:01,0.0,0.02225020990764064,0.03841309823677582,2014-03-07 12:15:01,0.06297229219143577
0.2365211810012837,0.392811296534018,0.0,0.11938382541720154,0.032413350449293964,0.0,3116,0.051989730423620026,2014-03-07 12:15:01,0.0,0.03209242618741977,0.1107188703465982,2014-03-07 12:20:01,0.024069319640564826
0.1722088904125243,0.37447148897268884,0.0,0.08593303622443149,0.01211290138269912,0.0,8751,0.06250714204090961,2014-03-07 12:20:01,0.0,0.012912809964575478,0.09621757513427037,2014-03-07 12:25:01,0.1836361558679008
0.28427709111813737,0.2883012359873527,0.0,0.054900833572865765,0.08795630928427708,0.0,3479,0.07559643575740155,2014-03-07 12:25:01,0.0,0.07674619143432021,0.09715435469962633,2014-03-07 12:30:01,0.03506754814601897
0.36988095238095237,0.31666666666666665,0.0,0.02619047619047619,0.024047619047619047,0.0,8400,0.038214285714285715,2014-03-07 12:30:01,0.0,0.03571428571428571,0.11928571428571429,2014-03-07 12:35:01,0.07
0.10407239819004525,0.16289592760180996,0.0,0.04524886877828054,0.00045248868778280545,0.0,2210,0.0,2014-03-07 12:35:01,0.0,0.09049773755656108,0.04524886877828054,2014-03-07 12:40:01,0.5515837104072399
0.26942332653439643,0.36955312442054516,0.0,0.06304468755794548,0.037085110328203226,0.0,5393,0.025588726126460227,2014-03-07 12:40:01,0.0,0.11366586315594289,0.10254033005748192,2014-03-07 12:45:01,0.01909883181902466
0.3512668641000329,0.3144126357354393,0.0,0.009378084896347482,0.03290556103981573,0.0,6078,0.03372820006581112,2014-03-07 12:45:01,0.0,0.05018098058571899,0.14429088515959196,2014-03-07 12:50:01,0.06383678841724251
0.14739816340946552,0.377207440546268,0.0,0.05180127148575465,0.18766187897339298,0.0,4247,0.0004709206498704968,2014-03-07 12:50:01,0.0023546032493524842,0.0023546032493524842,0.13538968683776784,2014-03-07 12:55:01,0.09536143159877561
0.2743694614860259,0.3616223585548739,0.0,0.03783231083844581,0.0,0.0,2934,0.03646898432174506,2014-03-07 12:55:01,0.0,0.03578732106339468,0.08009543285616905,2014-03-07 13:00:01,0.1738241308793456
0.4705986959098992,0.29146413752222883,0.0005927682276229994,0.011914641375222287,0.00889152341434499,0.0,16870,0.013930053349140487,2014-03-07 13:00:01,0.0,0.024422050978067576,0.04872554831061055,2014-03-07 13:05:01,0.12946058091286308
0.3147238350454072,0.3811225249367277,0.0,0.06237903826112848,0.0867947000148876,0.0,6717,0.024862289712669346,2014-03-07 13:05:01,0.0,0.0,0.11061485782343308,2014-03-07 13:10:01,0.01950275420574661
0.28352562890107813,0.4579156421411008,0.0,0.03385662946850766,0.07527898619254776,0.0,5287,0.004728579534707774,2014-03-07 13:10:01,0.0,0.0,0.08662757707584641,2014-03-07 13:15:01,0.05806695668621146
0.2869494731153742,0.3342339908132937,0.0,0.029991894082680357,0.0010807889759524452,0.0,3701,0.0,2014-03-07 13:15:01,0.0,0.02810051337476358,0.15590380978114024,2014-03-07 13:20:01,0.16373952985679546
0.10996807378503015,0.5587087619723307,0.0,0.08158921603405463,0.0,0.0,2819,0.0,2014-03-07 13:20:01,0.0,0.0,0.0354735721887194,2014-03-07 13:25:01,0.2142603760198652
0.10799354057327412,0.5036334275333064,0.020185708518368994,0.020791279773920066,0.04037141703673799,0.0,4954,0.04097698829228906,2014-03-07 13:25:01,0.0,0.04037141703673799,0.020185708518368994,2014-03-07 13:30:01,0.20549051271699637
0.20307082714214958,0.5517582961862308,0.0,0.007429420505200594,0.0158494304110946,0.0,2019,0.04952947003467063,2014-03-07 13:30:01,0.0,0.09905894006934125,0.05943536404160475,2014-03-07 13:35:01,0.013868251609707775
0.3511200995644057,0.324673304293715,0.0,0.050871188550093344,0.052582451773490975,0.0,6428,0.015712507778469196,2014-03-07 13:35:01,0.0,0.0017112632233976354,0.17159303049159924,2014-03-07 13:40:01,0.031736154324828875
0.19279201042118976,0.49544072948328266,0.0,0.0013026487190620929,0.0004342162396873643,0.0,2303,0.06469821971341728,2014-03-07 13:40:01,0.0,0.11246200607902736,0.1328701693443335,2014-03-07 13:45:01,0.0
0.1766874645490641,0.3587634713556438,0.0,0.036585365853658534,0.029920589903573453,0.0,7052,0.0028360748723766306,2014-03-07 13:45:01,0.0,0.04438457175269427,0.2725467952353942,2014-03-07 13:50:01,0.07827566647759501
0.050964688751365124,0.56789224608664,0.0,0.0,0.03640334910811795,0.0,2747,0.0,2014-03-07 13:50:01,0.0,0.0728066982162359,0.07244266472515472,2014-03-07 13:55:01,0.19949035311248633
0.13410440762738357,0.27758674585808063,0.0,0.03938730853391685,0.017192872772741483,0.0,3199,0.12503907471084713,2014-03-07 13:55:01,0.045014066895904974,0.1609878086902157,0.11316036261331666,2014-03-07 14:00:01,0.087527352297593
0.35289060820975715,0.3452611218568665,0.0,0.1384053298946916,0.032237266279819474,0.0,9306,0.01923490221362562,2014-03-07 14:00:01,0.0,0.030732860520094562,0.032237266279819474,2014-03-07 14:05:01,0.049000644745325596
0.2602996254681648,0.18971477960242006,0.0,0.036012676462114666,0.01627772976087583,0.0,6942,0.09752232785940651,2014-03-07 14:05:01,0.014405070584845865,0.20095073465859983,0.12172284644194757,2014-03-07 14:10:01,0.06309420916162489
0.12896622313203684,0.23807574206755375,0.0,0.10112589559877175,0.00511770726714432,0.0,4885,0.04380757420675537,2014-03-07 14:10:01,0.0,0.08188331627430911,0.227021494370522,2014-03-07 14:15:01,0.17400204708290687
0.0668693009118541,0.28368794326241137,0.0,0.0873353596757852,0.022289766970618033,0.0,4935,0.05592705167173252,2014-03-07 14:15:01,0.0,0.13191489361702127,0.1829787234042553,2014-03-07 14:20:01,0.16899696048632218
0.21432204826767648,0.30424461651500595,0.0,0.01316904990674278,0.0,0.0,17693,0.03289436500310857,2014-03-07 14:20:01,0.005651952749675013,0.1293166789125643,0.10393941106652349,2014-03-07 14:25:01,0.19646187757870345
0.16009577015163606,0.3393455706304868,0.0,0.06576217079010375,0.0320830007980846,0.0,6265,0.01979249800478851,2014-03-07 14:25:01,0.0,0.01596169193934557,0.25969672785315245,2014-03-07 14:30:01,0.10726256983240223
0.21278140885984023,0.5751633986928104,0.0,0.028725893649640927,0.0,0.0,12393,0.008149761962398128,2014-03-07 14:30:01,0.008069071249899137,0.010409101912369887,0.12103606874848705,2014-03-07 14:35:01,0.03566529492455418
0.15677364385117865,0.46378869639307013,0.0,0.038341380289690426,0.0,0.0,3521,0.12269241692700937,2014-03-07 14:35:01,0.0,0.0749786992331724,0.09088327179778471,2014-03-07 14:40:01,0.05254189150809429
0.35407676584147174,0.4167612991142403,0.0,0.0,0.0,0.0,4403,0.04133545310015898,2014-03-07 14:40:01,0.0,0.0006813536225300931,0.06018623665682489,2014-03-07 14:45:01,0.126958891664774
0.14197742045843312,0.4579769643060782,0.0,0.024632227163872734,0.015623218154863724,0.0,8769,0.05975595849013571,2014-03-07 14:45:01,0.0,0.014482837267647394,0.0631771011517847,2014-03-07 14:50:01,0.2223742730071844
0.18160919540229886,0.4036611323967646,0.0,0.010557684120902511,0.044444444444444446,0.0,11745,0.05832269050659855,2014-03-07 14:50:01,0.0,0.017028522775649212,0.14610472541507025,2014-03-07 14:55:01,0.1382716049382716
0.3663558978516417,0.27531414673692745,0.0,0.032428050263477906,0.02667207134171058,0.0,12335,0.037778678556951766,2014-03-07 14:55:01,0.0,0.015565464126469397,0.14835832995541143,2014-03-07 15:00:01,0.09752736116740982
0.2262285171431039,0.3926936695742292,0.0,0.013731755764746523,0.017272648760687452,0.0,23158,0.01671128767596511,2014-03-07 15:00:01,0.0021590810950859315,0.004318162190171863,0.057863373348302966,2014-03-07 15:05:01,0.26902150444770706
0.16356275303643725,0.3728744939271255,0.0,0.07834008097165993,0.08097165991902834,0.0,4940,0.09433198380566801,2014-03-07 15:05:01,0.0,0.0,0.08846153846153847,2014-03-07 15:10:01,0.1214574898785425
0.28891004283674443,0.3791051880057116,0.0,0.01546882436934793,0.011780104712041885,0.0,8404,0.026772965254640648,2014-03-07 15:10:01,0.0,0.013207996192289385,0.10233222275107091,2014-03-07 15:15:01,0.16242265587815327
0.32516703786191536,0.2989251476711533,0.0,0.014621865014040863,0.0,0.0,10327,0.0022271714922048997,2014-03-07 15:15:01,0.0,0.009973854943352378,0.1793357218940641,2014-03-07 15:20:01,0.1697492011232691
0.23342002600780234,0.2714203149833839,0.0,0.023045802629677793,0.05367721427539373,0.0,13842,0.07470018783412802,2014-03-07 15:20:01,0.0,0.014521022973558735,0.07730096806819824,2014-03-07 15:25:01,0.25191446322785727
0.24267648471266207,0.43156715223307185,0.0011205378581719224,0.012165839603009444,0.0,0.0,6247,0.0,2014-03-07 15:25:01,0.0,0.01600768368817032,0.05906835280934849,2014-03-07 15:30:01,0.23739394909556588
0.24382545132351313,0.419758555764758,0.0,0.03405692767748367,0.02719016502381216,0.0,18058,0.011463063462177429,2014-03-07 15:30:01,0.0,0.022150847269908073,0.17238896887805957,2014-03-07 15:35:01,0.06916602060028797
0.25225601604278075,0.4630264037433155,0.0,0.04253008021390375,0.0,0.0,23936,0.04044117647058824,2014-03-07 15:35:01,0.007102272727272727,0.008355614973262033,0.12495822192513369,2014-03-07 15:40:01,0.06133021390374332
0.35642861369149753,0.41145494349446776,0.0,0.04390272764925152,0.011833619312466718,0.0,16901,0.007159339684042364,2014-03-07 15:40:01,0.0,0.0,0.05159458020235489,2014-03-07 15:45:01,0.11762617596591918
0.14255460509924425,0.3748442820363757,0.0,0.053525454696453784,0.0041524790299808986,0.0,24082,0.01681754007142264,2014-03-07 15:45:01,0.0041524790299808986,0.030769869612158458,0.08342330371231625,2014-03-07 15:50:01,0.2897599867120671
0.2866050220563285,0.37215812690872074,0.0,0.11070580251102817,0.0,0.0,23576,0.03147268408551069,2014-03-07 15:50:01,0.0,0.004708177807940278,0.0683746182558534,2014-03-07 15:55:01,0.12597556837461826
0.1503701034071692,0.5201408333564359,0.0,0.05938288375703474,0.005544620332122758,0.0,72142,0.06600870505392144,2014-03-07 15:55:01,0.00036040032158797926,0.012489257298106512,0.12040143051204569,2014-03-07 16:00:01,0.06530176596157578
