BATS,CBOE,endTime,NASDAQ BX,BATS Y,National,Direct Edge A,NASDAQ,NYSE Arca SM,Direct Edge X,totalVolume,NASDAQ PSX,Chicago,startTime
0.07821118991331757,0.019700551615445233,2014-03-13 09:31:01,0.03171788810086682,0.02462568951930654,0.0,0.05397951142631994,0.44208037825059104,0.23995271867612294,0.08215130023640661,10152,0.027580772261623327,0.0,2014-03-13 09:30:01
0.11569556732645665,0.0,2014-03-13 09:32:01,0.06272651240591023,0.0,0.0,0.053805408419291885,0.3523836074714246,0.14831335377752997,0.2670755505993867,3587,0.0,0.0,2014-03-13 09:31:01
0.0,0.0,2014-03-13 09:33:01,0.0,0.08383986585621463,0.0,0.10542863131418989,0.3829385872982603,0.2383148186962901,0.18947809683504507,4771,0.0,0.0,2014-03-13 09:32:01
0.24579831932773108,0.0,2014-03-13 09:34:01,0.03851540616246499,0.09558823529411764,0.0,0.0350140056022409,0.2976190476190476,0.10504201680672269,0.18242296918767506,2856,0.0,0.0,2014-03-13 09:33:01
0.0625,0.0,2014-03-13 09:35:01,0.04959677419354839,0.0,0.0,0.0,0.2830645161290323,0.3225806451612903,0.28225806451612906,2480,0.0,0.0,2014-03-13 09:34:01
0.0327455919395466,0.0,2014-03-13 09:36:01,0.09855163727959698,0.09540302267002519,0.0,0.0,0.5730478589420654,0.20025188916876574,0.0,3176,0.0,0.0,2014-03-13 09:35:01
0.0,0.0,2014-03-13 09:37:01,0.16216216216216217,0.0,0.0,0.0,0.21621621621621623,0.4859459459459459,0.13567567567567568,1850,0.0,0.0,2014-03-13 09:36:01
0.21565836298932384,0.0,2014-03-13 09:38:01,0.17532621589561093,0.0,0.0,0.0,0.39193357058125744,0.09513641755634639,0.12194543297746145,4215,0.0,0.0,2014-03-13 09:37:01
0.1624493927125506,0.0,2014-03-13 09:39:01,0.0,0.0,0.0,0.14220647773279352,0.35374493927125505,0.20242914979757085,0.13917004048582995,1976,0.0,0.0,2014-03-13 09:38:01
0.1651006711409396,0.0,2014-03-13 09:40:01,0.0,0.08053691275167785,0.005369127516778523,0.03087248322147651,0.26496644295302013,0.18442953020134228,0.22845637583892617,3725,0.040268456375838924,0.0,2014-03-13 09:39:01
0.256243213897937,0.0,2014-03-13 09:41:01,0.05428881650380022,0.10314875135722042,0.0,0.0,0.3583061889250814,0.1465798045602606,0.05428881650380022,1842,0.02714440825190011,0.0,2014-03-13 09:40:01
0.0,0.0,2014-03-13 09:42:01,0.0010438413361169101,0.0,0.0,0.0,0.6263048016701461,0.1638830897703549,0.20876826722338204,958,0.0,0.0,2014-03-13 09:41:01
0.11008906409694846,0.0,2014-03-13 09:43:01,0.02774127609870054,0.08614396262228062,0.0,0.10220470141626514,0.41013286611184113,0.16586362972696744,0.09782449992699664,6849,0.0,0.0,2014-03-13 09:42:01
0.16420361247947454,0.0,2014-03-13 09:44:01,0.059710404537990744,0.09135691894312584,0.0,0.0728466935363487,0.40289595462009253,0.15151515151515152,0.05747126436781609,6699,0.0,0.0,2014-03-13 09:43:01
0.011771630370806356,0.0,2014-03-13 09:45:01,0.0,0.0,0.0,0.08828722778104768,0.45203060623896407,0.34490876986462626,0.04414361389052384,1699,0.05885815185403178,0.0,2014-03-13 09:44:01
0.2155504234026174,0.0,2014-03-13 09:46:01,0.0833974852450603,0.02617397998460354,0.0,0.05029509879394406,0.44239158326918143,0.16294585578650245,0.01924557351809084,3897,0.0,0.0,2014-03-13 09:45:01
0.17543859649122806,0.0,2014-03-13 09:47:01,0.08771929824561403,0.0,0.0,0.0017543859649122807,0.4,0.3333333333333333,0.0017543859649122807,1140,0.0,0.0,2014-03-13 09:46:01
0.15307262569832403,0.0,2014-03-13 09:48:01,0.02011173184357542,0.0,0.0,0.23016759776536314,0.20446927374301677,0.02011173184357542,0.37206703910614525,895,0.0,0.0,2014-03-13 09:47:01
0.13205678441729943,0.0,2014-03-13 09:49:01,0.029052492571805876,0.03301419610432486,0.0,0.0,0.21888412017167383,0.38329481677121163,0.2036975899636844,3029,0.0,0.0,2014-03-13 09:48:01
0.1392644672796106,0.0,2014-03-13 09:50:01,0.05408328826392644,0.019469983775013522,0.0,0.10816657652785289,0.4367225527312061,0.08112493239588967,0.1341265548945376,3698,0.02704164413196322,0.0,2014-03-13 09:49:01
0.15535714285714286,0.017857142857142856,2014-03-13 09:51:01,0.0,0.0,0.0,0.017857142857142856,0.46214285714285713,0.11964285714285715,0.22714285714285715,5600,0.0,0.0,2014-03-13 09:50:01
0.4424357754519505,0.0,2014-03-13 09:52:01,0.06977481763399937,0.06343165239454487,0.0,0.0650174437044085,0.18522042499207103,0.12369172216936251,0.05042816365366318,3153,0.0,0.0,2014-03-13 09:51:01
0.04155939683707245,0.0,2014-03-13 09:53:01,0.036778227289444645,0.036778227289444645,0.0,0.0,0.40603162927546893,0.11769032732622288,0.36116219198234645,2719,0.0,0.0,2014-03-13 09:52:01
0.06460674157303371,0.0,2014-03-13 09:54:01,0.014044943820224719,0.014044943820224719,0.0,0.0,0.1404494382022472,0.6544943820224719,0.11235955056179775,7120,0.0,0.0,2014-03-13 09:53:01
0.12819519752130132,0.0,2014-03-13 09:55:01,0.0,0.0,0.0,0.0,0.5580945003872967,0.29434546862896976,0.019364833462432222,2582,0.0,0.0,2014-03-13 09:54:01
0.20973782771535582,0.0,2014-03-13 09:56:01,0.003745318352059925,0.18726591760299627,0.0,0.0,0.23220973782771537,0.024968789013732832,0.34207240948813983,801,0.0,0.0,2014-03-13 09:55:01
0.13503086419753085,0.0,2014-03-13 09:57:01,0.0,0.0,0.0,0.0,0.7415123456790124,0.12345679012345678,0.0,1296,0.0,0.0,2014-03-13 09:56:01
0.0,0.0,2014-03-13 09:58:01,0.0,0.15337423312883436,0.0,0.003067484662576687,0.3558282208588957,0.4386503067484663,0.049079754601226995,326,0.0,0.0,2014-03-13 09:57:01
0.07564296520423601,0.0,2014-03-13 09:59:01,0.0680786686838124,0.0,0.0,0.0,0.45537065052950076,0.12859304084720122,0.2723146747352496,1322,0.0,0.0,2014-03-13 09:58:01
0.3536977491961415,0.0,2014-03-13 10:00:01,0.0,0.018488745980707395,0.0,0.04019292604501608,0.32556270096463025,0.16881028938906753,0.0932475884244373,1244,0.0,0.0,2014-03-13 09:59:01
0.16165732722024112,0.0,2014-03-13 10:01:01,0.0,0.033961623365596876,0.0,0.0,0.42316182713533707,0.1490915265749703,0.23212769570385464,5889,0.0,0.0,2014-03-13 10:00:01
0.17785682525566918,0.0,2014-03-13 10:02:01,0.07959092930191196,0.06669630947087594,0.0,0.022232103156958647,0.5767007558915074,0.06402845709204091,0.012894619831036016,2249,0.0,0.0,2014-03-13 10:01:01
0.050735667174023336,0.0,2014-03-13 10:03:01,0.0,0.09030948756976154,0.0,0.10147133434804667,0.4353120243531202,0.27143581938102485,0.050735667174023336,1971,0.0,0.0,2014-03-13 10:02:01
0.3731800766283525,0.0,2014-03-13 10:04:01,0.011494252873563218,0.011494252873563218,0.0,0.0,0.06896551724137931,0.16091954022988506,0.3739463601532567,1305,0.0,0.0,2014-03-13 10:03:01
0.06001708671507903,0.0,2014-03-13 10:05:01,0.004058094831268688,0.08500640751815464,0.0,0.010679196924391286,0.21465185818026483,0.09248184536522853,0.5331055104656129,4682,0.0,0.0,2014-03-13 10:04:01
0.24212368728121353,0.0,2014-03-13 10:06:01,0.0,0.0,0.0,0.0,0.5746791131855309,0.11668611435239207,0.06651108518086347,1714,0.0,0.0,2014-03-13 10:05:01
0.10568852968604289,0.0,2014-03-13 10:07:01,0.10879701585327946,0.09045694746658377,0.0,0.09325458501709667,0.36897730805097917,0.16257382654647187,0.06838669567920423,6434,0.0018650917003419335,0.0,2014-03-13 10:06:01
0.07391064533921676,0.0,2014-03-13 10:08:01,0.1392719249862107,0.0,0.0,0.027578599007170437,0.48483177054605625,0.16574738003309433,0.053502482073910645,3626,0.05515719801434087,0.0,2014-03-13 10:07:01
0.07459128065395096,0.0170299727520436,2014-03-13 10:09:01,0.05909400544959128,0.0516008174386921,0.0,0.0,0.4475476839237057,0.11546321525885558,0.18358310626702998,5872,0.05108991825613079,0.0,2014-03-13 10:08:01
0.0712166172106825,0.0,2014-03-13 10:10:01,0.06429277942631058,0.06181998021760633,0.0,0.0,0.7037586547972304,0.09891196834817013,0.0,2022,0.0,0.0,2014-03-13 10:09:01
0.0,0.0,2014-03-13 10:11:01,0.0,0.022304832713754646,0.0,0.0,0.5539033457249071,0.0,0.3754646840148699,269,0.048327137546468404,0.0,2014-03-13 10:10:01
0.11617775196049956,0.0,2014-03-13 10:12:01,0.0,0.03775776938716236,0.0,0.02904443799012489,0.3819343595701423,0.31106593087423756,0.09003775776938716,3443,0.03398199244844612,0.0,2014-03-13 10:11:01
0.11438797423049392,0.0,2014-03-13 10:13:01,0.014316392269148175,0.03579098067287044,0.0,0.04280601288475304,0.48775948460987834,0.13743736578382248,0.12884753042233357,6985,0.03865425912670007,0.0,2014-03-13 10:12:01
0.17943037974683546,0.0,2014-03-13 10:14:01,0.0379746835443038,0.017721518987341773,0.0,0.03164556962025317,0.3028481012658228,0.11708860759493671,0.31329113924050633,3160,0.0,0.0,2014-03-13 10:13:01
0.14368231046931407,0.0,2014-03-13 10:15:01,0.05054151624548736,0.07220216606498195,0.0,0.0,0.259927797833935,0.41155234657039713,0.06209386281588448,1385,0.0,0.0,2014-03-13 10:14:01
0.36308186195826647,0.0,2014-03-13 10:16:01,0.03210272873194221,0.0,0.0,0.03210272873194221,0.24590690208667737,0.17463884430176566,0.09630818619582665,3115,0.055858747993579455,0.0,2014-03-13 10:15:01
0.16863406408094436,0.0,2014-03-13 10:17:01,0.3372681281618887,0.1551433389544688,0.0,0.0,0.0,0.0016863406408094434,0.3372681281618887,593,0.0,0.0,2014-03-13 10:16:01
0.027917364600781685,0.0,2014-03-13 10:18:01,0.06141820212171971,0.02233389168062535,0.0,0.0,0.748464544946957,0.11166945840312674,0.028196538246789502,3582,0.0,0.0,2014-03-13 10:17:01
0.25115110925073253,0.0,2014-03-13 10:19:01,0.041858518208455424,0.06739221431561322,0.0,0.0,0.2808706571787359,0.0008371703641691084,0.35789033068229387,2389,0.0,0.0,2014-03-13 10:18:01
0.06591957811470006,0.0,2014-03-13 10:20:01,0.0,0.023731048121292023,0.0,0.0,0.6598549769281477,0.0995385629531971,0.13183915622940012,1517,0.01911667765326302,0.0,2014-03-13 10:19:01
0.0,0.0,2014-03-13 10:21:01,0.06996904024767801,0.013622291021671827,0.0,0.0,0.7275541795665634,0.12693498452012383,0.06191950464396285,1615,0.0,0.0,2014-03-13 10:20:01
0.0015772870662460567,0.0,2014-03-13 10:22:01,0.0,0.3217665615141956,0.0,0.0,0.38170347003154576,0.2949526813880126,0.0,634,0.0,0.0,2014-03-13 10:21:01
0.0,0.0,2014-03-13 10:23:01,0.0,0.0,0.0,0.0,0.44751381215469616,0.5524861878453039,0.0,181,0.0,0.0,2014-03-13 10:22:01
0.4983980064079744,0.0,2014-03-13 10:24:01,0.0,0.1245995016019936,0.0,0.0,0.2698469206123176,0.03595585617657529,0.0711997152011392,2809,0.0,0.0,2014-03-13 10:23:01
0.08833922261484099,0.0,2014-03-13 10:25:01,0.044169611307420496,0.0,0.0,0.08833922261484099,0.42402826855123676,0.0,0.3551236749116608,1132,0.0,0.0,2014-03-13 10:24:01
0.21107491856677524,0.0,2014-03-13 10:26:01,0.0,0.0,0.0,0.0,0.6586319218241042,0.06514657980456026,0.06514657980456026,1535,0.0,0.0,2014-03-13 10:25:01
0.023557126030624265,0.0,2014-03-13 10:27:01,0.07420494699646643,0.0,0.0,0.04711425206124853,0.496113074204947,0.2645465253239105,0.09422850412249706,4245,0.00023557126030624264,0.0,2014-03-13 10:26:01
0.0,0.001215066828675577,2014-03-13 10:28:01,0.24301336573511542,0.07168894289185905,0.0,0.0,0.09356014580801944,0.33414337788578374,0.25637910085054677,823,0.0,0.0,2014-03-13 10:27:01
0.09551098376313276,0.09551098376313276,2014-03-13 10:29:01,0.0,0.0,0.0,0.0,0.5482330468003821,0.19197707736389685,0.06399235912129896,1047,0.0,0.004775549188156638,2014-03-13 10:28:01
0.20528455284552846,0.0,2014-03-13 10:30:01,0.08333333333333333,0.01016260162601626,0.0,0.0,0.19308943089430894,0.1910569105691057,0.3048780487804878,492,0.012195121951219513,0.0,2014-03-13 10:29:01
0.19273827534039334,0.0030257186081694403,2014-03-13 10:31:01,0.03479576399394856,0.030257186081694403,0.0,0.030257186081694403,0.5273827534039335,0.003630862329803328,0.17791225416036308,3305,0.0,0.0,2014-03-13 10:30:01
0.06394009216589862,0.0,2014-03-13 10:32:01,0.0,0.0,0.0,0.0576036866359447,0.5230414746543779,0.2304147465437788,0.125,1736,0.0,0.0,2014-03-13 10:31:01
0.04480955937266617,0.0,2014-03-13 10:33:01,0.10604929051530994,0.06721433905899925,0.0,0.06407766990291262,0.34891710231516054,0.2164301717699776,0.09559372666168783,6695,0.05690814040328603,0.0,2014-03-13 10:32:01
0.00977366255144033,0.102880658436214,2014-03-13 10:34:01,0.102880658436214,0.257201646090535,0.0,0.00257201646090535,0.4732510288065844,0.051440329218107,0.0,1944,0.0,0.0,2014-03-13 10:33:01
0.12439156300703083,0.0,2014-03-13 10:35:01,0.04570037858301785,0.0,0.0,0.05408328826392644,0.3864250946457545,0.1652244456462953,0.17009194159004867,3698,0.05408328826392644,0.0,2014-03-13 10:34:01
0.014970059880239521,0.0,2014-03-13 10:36:01,0.0,0.0499001996007984,0.0,0.0,0.249500998003992,0.4740518962075848,0.21157684630738524,1002,0.0,0.0,2014-03-13 10:35:01
0.17415730337078653,0.0,2014-03-13 10:37:01,0.005185825410544511,0.0,0.0,0.0,0.43215211754537597,0.32108902333621436,0.06741573033707865,2314,0.0,0.0,2014-03-13 10:36:01
0.0,0.0,2014-03-13 10:38:01,0.03753609239653513,0.11669874879692012,0.0,0.0,0.46799807507218477,0.3753609239653513,0.002406159769008662,4156,0.0,0.0,2014-03-13 10:37:01
0.5630243902439024,0.0,2014-03-13 10:39:01,0.011024390243902438,0.037853658536585365,0.0,0.0001951219512195122,0.1755121951219512,0.06439024390243903,0.1382439024390244,10250,0.00975609756097561,0.0,2014-03-13 10:38:01
0.10583224115334207,0.0,2014-03-13 10:40:01,0.1372870249017038,0.09043250327653997,0.0,0.0327653997378768,0.2532765399737877,0.27539318479685454,0.10501310615989515,6104,0.0,0.0,2014-03-13 10:39:01
0.10833333333333334,0.0,2014-03-13 10:41:01,0.11293859649122807,0.06425438596491229,0.0,0.07434210526315789,0.3850877192982456,0.10175438596491228,0.131359649122807,4560,0.021929824561403508,0.0,2014-03-13 10:40:01
0.1699481865284974,0.0,2014-03-13 10:42:01,0.05699481865284974,0.09326424870466321,0.0,0.0690846286701209,0.37858376511226255,0.055267702936096716,0.1768566493955095,2895,0.0,0.0,2014-03-13 10:41:01
0.29762438368444644,0.0,2014-03-13 10:43:01,0.0,0.0,0.0,0.08964589870013447,0.2595248767368893,0.30838189152846257,0.04482294935006723,2231,0.0,0.0,2014-03-13 10:42:01
0.1716915995397008,0.0,2014-03-13 10:44:01,0.03452243958573072,0.05178365937859609,0.0,0.0,0.3341772151898734,0.1712313003452244,0.23659378596087458,4345,0.0,0.0,2014-03-13 10:43:01
0.14968843131942564,0.0,2014-03-13 10:45:01,0.03075047412625305,0.04334868599295584,0.0,0.050528312110539146,0.2881332972094283,0.17136277431590355,0.25264156055269577,7382,0.0135464643727987,0.0,2014-03-13 10:44:01
0.08581600149896945,0.01873711823121604,2014-03-13 10:46:01,0.013303353944163388,0.008056960839422896,0.0,0.03747423646243208,0.26363125351320965,0.3406408094435076,0.21735057148210604,5337,0.014989694584972832,0.0,2014-03-13 10:45:01
0.20344682639764608,0.0,2014-03-13 10:47:01,0.0,0.055065153425809164,0.0,0.042034468263976464,0.37116435477091214,0.07103825136612021,0.21521647751155948,2379,0.042034468263976464,0.0,2014-03-13 10:46:01
0.13401872590416744,0.022948411969891683,2014-03-13 10:48:01,0.018358729575913346,0.03671745915182669,0.0,0.018358729575913346,0.5052322379291353,0.17202129612630807,0.07398568019093078,5447,0.018358729575913346,0.0,2014-03-13 10:47:01
0.06227674374882497,0.0,2014-03-13 10:49:01,0.022936642225982327,0.006345177664974619,0.0,0.004700131603684903,0.7685655198345553,0.06631885692799398,0.0626997555931566,21276,0.006157172400827223,0.0,2014-03-13 10:48:01
0.03848807789618953,0.0,2014-03-13 10:50:01,0.011960438549413479,0.02300084336425669,0.0,0.015333895576171127,0.4804109484014414,0.3617265966418769,0.04600168672851338,13043,0.023077512842137545,0.0,2014-03-13 10:49:01
0.22760576695816592,0.0,2014-03-13 10:51:01,0.02363507445048452,0.02363507445048452,0.0,0.0,0.5060269439848736,0.14819191680453794,0.07090522335145355,4231,0.0,0.0,2014-03-13 10:50:01
0.14304270173729502,0.0,2014-03-13 10:52:01,0.034096444227959086,0.017860042214645235,0.0,0.03231044000649456,0.4062347783731125,0.3500568274070466,0.01623640201331385,6159,0.0001623640201331385,0.0,2014-03-13 10:51:01
0.06400931044515566,0.0,2014-03-13 10:53:01,0.14547570555717196,0.0,0.0,0.0,0.5280768111725341,0.14605760837940063,0.11638056444573756,3437,0.0,0.0,2014-03-13 10:52:01
0.11511663132384126,0.0,2014-03-13 10:54:01,0.009996970614965161,0.0,0.0,0.029990911844895485,0.5086337473492881,0.27567403817025143,0.060587700696758555,3301,0.0,0.0,2014-03-13 10:53:01
0.15971585701191568,0.0,2014-03-13 10:55:01,0.1184692942254812,0.0,0.0,0.0,0.3884051329055912,0.13153070577451878,0.17896425297891844,4364,0.022914757103574702,0.0,2014-03-13 10:54:01
0.04696080287824276,0.0,2014-03-13 10:56:01,0.15868206779019126,0.002461654989585306,0.0,0.01893580761219466,0.3181215678848703,0.05737549706494982,0.3974626017799659,5281,0.0,0.0,2014-03-13 10:55:01
0.18906840838776212,0.0,2014-03-13 10:57:01,0.0,0.06875214850464077,0.0,0.0,0.2588518391199725,0.2956342385699553,0.1876933654176693,2909,0.0,0.0,2014-03-13 10:56:01
0.19006849315068494,0.0,2014-03-13 10:58:01,0.059931506849315065,0.0,0.0,0.0,0.4931506849315068,0.05136986301369863,0.2054794520547945,584,0.0,0.0,2014-03-13 10:57:01
0.3075483468496569,0.0,2014-03-13 10:59:01,0.0,0.16469120399251402,0.0,0.0056144728633811605,0.3605739238927012,0.036805988771054274,0.12476606363069245,1603,0.0,0.0,2014-03-13 10:58:01
0.08161044613710555,0.0,2014-03-13 11:00:01,0.047606093579978234,0.013601741022850925,0.0,0.0544069640914037,0.4087323177366703,0.27829162132752994,0.11575081610446138,7352,0.0,0.0,2014-03-13 10:59:01
0.00612088752869166,0.0,2014-03-13 11:01:01,0.04227237949502678,0.019127773527161437,0.0,0.08837031369548584,0.518362662586075,0.19701606732976282,0.10960214231063505,5228,0.019127773527161437,0.0,2014-03-13 11:00:01
0.060926076360682375,0.0,2014-03-13 11:02:01,0.020308692120227456,0.0,0.0,0.0,0.3809910641754671,0.3753046303818034,0.16246953696181965,4924,0.0,0.0,2014-03-13 11:01:01
0.24662751944135852,0.0,2014-03-13 11:03:01,0.05015076971909221,0.03428027297254404,0.0015870496746548167,0.0,0.3705760990318997,0.13981907633708934,0.15695921282336137,6301,0.0,0.0,2014-03-13 11:02:01
0.11142857142857143,0.0,2014-03-13 11:04:01,0.025714285714285714,0.005714285714285714,0.025714285714285714,0.0,0.4002857142857143,0.34285714285714286,0.08828571428571429,3500,0.0,0.0,2014-03-13 11:03:01
0.22782152230971128,0.0,2014-03-13 11:05:01,0.05249343832020997,0.02099737532808399,0.0,0.0,0.4099737532808399,0.28346456692913385,0.005249343832020997,1905,0.0,0.0,2014-03-13 11:04:01
0.2602739726027397,0.0,2014-03-13 11:06:01,0.0,0.0,0.0,0.08401826484018265,0.4730593607305936,0.182648401826484,0.0,1095,0.0,0.0,2014-03-13 11:05:01
0.02447980416156671,0.0,2014-03-13 11:07:01,0.027417380660954713,0.0,0.0,0.02447980416156671,0.4528763769889841,0.16474908200734395,0.30599755201958384,4085,0.0,0.0,2014-03-13 11:06:01
0.25168161434977576,0.0,2014-03-13 11:08:01,0.06726457399103139,0.028026905829596414,0.0,0.0,0.5266255605381166,0.06446188340807175,0.06193946188340807,3568,0.0,0.0,2014-03-13 11:07:01
0.05927682276229994,0.0,2014-03-13 11:09:01,0.13159454653230587,0.014819205690574985,0.0,0.0,0.46117368109069357,0.24066390041493776,0.09247184350918791,3374,0.0,0.0,2014-03-13 11:08:01
0.07510265024262784,0.0,2014-03-13 11:10:01,0.09346771183277343,0.052258305337812616,0.0,0.014930944382232176,0.382829413960433,0.24636058230683092,0.13505039193729004,13395,0.0,0.0,2014-03-13 11:09:01
0.05054696341003395,0.0,2014-03-13 11:11:01,0.01886080724254998,0.01886080724254998,0.0,0.0,0.41776688042248206,0.493964541682384,0.0,5302,0.0,0.0,2014-03-13 11:10:01
0.030894426040616447,0.0,2014-03-13 11:12:01,0.02023620913149935,0.01440299582313121,0.0,0.04112055307503961,0.5482500360074896,0.1278265879302895,0.2172691919919343,13886,0.0,0.0,2014-03-13 11:11:01
0.17178376342060653,0.0,2014-03-13 11:13:01,0.07590883405537766,0.11301563382934639,0.0,0.018835938971557734,0.3718214352985496,0.09775852326238463,0.15087587116217743,5309,0.0,0.0,2014-03-13 11:12:01
0.1313197636244255,0.0,2014-03-13 11:14:01,0.07222586999343401,0.06565988181221274,0.0,0.0,0.3164806303348654,0.11687458962573867,0.2856204858831254,1523,0.011818778726198293,0.0,2014-03-13 11:13:01
0.013103706476974916,0.0,2014-03-13 11:15:01,0.0,0.07487832272557095,0.0,0.0,0.6791463871209285,0.1538749532010483,0.07899663047547735,2671,0.0,0.0,2014-03-13 11:14:01
0.11758354171402592,0.0,2014-03-13 11:16:01,0.04728347351670834,0.03188224596499204,0.0,0.017106160491020688,0.39497613093884976,0.2883041600363719,0.10286428733803137,17596,0.0,0.0,2014-03-13 11:15:01
0.0483683382363002,0.0,2014-03-13 11:17:01,0.007525484025449818,0.02052404734213587,0.0,0.012451255387562428,0.475679003899569,0.3545187110898269,0.060409112677019906,14617,0.02052404734213587,0.0,2014-03-13 11:16:01
0.20687342833193628,0.0,2014-03-13 11:18:01,0.03352891869237217,0.0,0.0,0.06236378876781224,0.32657166806370497,0.2350377200335289,0.13562447611064543,5965,0.0,0.0,2014-03-13 11:17:01
0.19944852941176472,0.0,2014-03-13 11:19:01,0.02849264705882353,0.011488970588235295,0.0,0.0,0.33630514705882353,0.25018382352941176,0.17408088235294117,10880,0.0,0.0,2014-03-13 11:18:01
0.10491606714628297,0.0,2014-03-13 11:20:01,0.09697242206235011,0.023980815347721823,0.0,0.0539568345323741,0.3800959232613909,0.18779976019184652,0.15227817745803357,6672,0.0,0.0,2014-03-13 11:19:01
0.11096369557351345,0.024122542515981185,2014-03-13 11:21:01,0.04824508503196237,0.029188276444337233,0.0,0.011216982269931251,0.29188276444337236,0.42045591605355204,0.05789410203835484,8291,0.006030635628995296,0.0,2014-03-13 11:20:01
0.16653796653796654,0.0,2014-03-13 11:22:01,0.05148005148005148,0.05868725868725869,0.0,0.0,0.41235521235521233,0.2337194337194337,0.07722007722007722,3885,0.0,0.0,2014-03-13 11:21:01
0.0,0.0,2014-03-13 11:23:01,0.6024096385542169,0.0,0.0,0.0,0.25903614457831325,0.13855421686746988,0.0,166,0.0,0.0,2014-03-13 11:22:01
0.0,0.0,2014-03-13 11:24:01,0.0,0.1989051094890511,0.0,0.0,0.40693430656934304,0.029197080291970802,0.36496350364963503,548,0.0,0.0,2014-03-13 11:23:01
0.05337854810349159,0.0,2014-03-13 11:25:01,0.02650087917608641,0.0,0.0,0.037678975131876416,0.15373021853805577,0.6120321527254459,0.11667922632504396,7962,0.0,0.0,2014-03-13 11:24:01
0.0,0.0,2014-03-13 11:26:01,0.0,0.0,0.0,0.00047709923664122136,0.2824427480916031,0.5644083969465649,0.15267175572519084,2096,0.0,0.0,2014-03-13 11:25:01
0.13559322033898305,0.0,2014-03-13 11:27:01,0.0,0.0,0.0,0.0,0.6610169491525424,0.13559322033898305,0.06779661016949153,1475,0.0,0.0,2014-03-13 11:26:01
0.06818956699624958,0.0,2014-03-13 11:28:01,0.01125127855438118,0.13637913399249915,0.0,0.0,0.6246164336856461,0.15069894306171155,0.008864643709512444,2933,0.0,0.0,2014-03-13 11:27:01
0.14509122502172025,0.0,2014-03-13 11:29:01,0.0333043730089777,0.0,0.0,0.07848247900376484,0.29481610194034175,0.2736750651607298,0.1746307558644657,3453,0.0,0.0,2014-03-13 11:28:01
0.0,0.0,2014-03-13 11:30:01,0.0,0.0,0.0,0.0,0.23076923076923078,0.7692307692307693,0.0,65,0.0,0.0,2014-03-13 11:29:01
0.038955979742890535,0.0,2014-03-13 11:31:01,0.0,0.0,0.0,0.0,0.2477600311647838,0.16400467471756916,0.5492793143747565,2567,0.0,0.0,2014-03-13 11:30:01
0.2571878692398582,0.0,2014-03-13 11:32:01,0.04726270185112249,0.007877116975187082,0.0,0.0,0.42063804647499015,0.22764868058290666,0.03938558487593541,2539,0.0,0.0,2014-03-13 11:31:01
0.16393442622950818,0.0,2014-03-13 11:33:01,0.07353629976580796,0.0,0.0,0.024355971896955503,0.4131147540983607,0.23138173302107728,0.0936768149882904,2135,0.0,0.0,2014-03-13 11:32:01
0.21144278606965175,0.0,2014-03-13 11:34:01,0.0,0.23217247097844113,0.0,0.0,0.291044776119403,0.08291873963515754,0.1824212271973466,1206,0.0,0.0,2014-03-13 11:33:01
0.1466798810703667,0.0,2014-03-13 11:35:01,0.0,0.0,0.0,0.0,0.423191278493558,0.1337958374628345,0.29633300297324083,1009,0.0,0.0,2014-03-13 11:34:01
0.05658250676284941,0.0,2014-03-13 11:36:01,0.02254283137962128,0.0281785392245266,0.0,0.0,0.5493688007213706,0.19138863841298467,0.15193868349864742,4436,0.0,0.0,2014-03-13 11:35:01
0.12562814070351758,0.0,2014-03-13 11:37:01,0.0,0.026381909547738693,0.0,0.0,0.7223618090452262,0.12562814070351758,0.0,796,0.0,0.0,2014-03-13 11:36:01
0.5201560468140443,0.0,2014-03-13 11:38:01,0.006501950585175552,0.0,0.0,0.0,0.19375812743823148,0.14954486345903772,0.13003901170351106,769,0.0,0.0,2014-03-13 11:37:01
0.078064012490242,0.0,2014-03-13 11:39:01,0.078064012490242,0.0897736143637783,0.0,0.078064012490242,0.17330210772833723,0.0,0.5027322404371585,1281,0.0,0.0,2014-03-13 11:38:01
0.10566546762589928,0.044964028776978415,2014-03-13 11:40:01,0.050359712230215826,0.2787769784172662,0.0,0.1110611510791367,0.22482014388489208,0.1393884892086331,0.044964028776978415,2224,0.0,0.0,2014-03-13 11:39:01
0.08496732026143791,0.0,2014-03-13 11:41:01,0.0,0.134640522875817,0.0,0.00065359477124183,0.634640522875817,0.1450980392156863,0.0,1530,0.0,0.0,2014-03-13 11:40:01
0.07692307692307693,0.0,2014-03-13 11:42:01,0.0,0.1346153846153846,0.0,0.0,0.7884615384615384,0.0,0.0,156,0.0,0.0,2014-03-13 11:41:01
0.014334862385321102,0.0,2014-03-13 11:43:01,0.0,0.025802752293577983,0.0,0.05733944954128441,0.3876146788990826,0.30676605504587157,0.20814220183486237,1744,0.0,0.0,2014-03-13 11:42:01
0.010548523206751054,0.0,2014-03-13 11:44:01,0.08544303797468354,0.0,0.0,0.0,0.5632911392405063,0.17405063291139242,0.15822784810126583,948,0.008438818565400843,0.0,2014-03-13 11:43:01
0.048500881834215165,0.0,2014-03-13 11:45:01,0.002204585537918871,0.0004409171075837742,0.0,0.0,0.6208112874779541,0.23985890652557318,0.04409171075837742,2268,0.04409171075837742,0.0,2014-03-13 11:44:01
0.1883289124668435,0.0,2014-03-13 11:46:01,0.0,0.001326259946949602,0.0,0.13262599469496023,0.23342175066312998,0.046419098143236075,0.3978779840848806,754,0.0,0.0,2014-03-13 11:45:01
0.0,0.0,2014-03-13 11:47:01,0.1905037637521714,0.0,0.0,0.0,0.5448755066589461,0.23045744064852344,0.034163288940359006,1727,0.0,0.0,2014-03-13 11:46:01
0.0,0.0,2014-03-13 11:48:01,0.0,0.0,0.0,0.0,0.765524625267666,0.12740899357601712,0.10706638115631692,934,0.0,0.0,2014-03-13 11:47:01
0.2173620457604307,0.0,2014-03-13 11:49:01,0.06191117092866756,0.0,0.0,0.0,0.4057873485868102,0.24562584118438763,0.0693135935397039,1486,0.0,0.0,2014-03-13 11:48:01
0.23040254237288135,0.0,2014-03-13 11:50:01,0.0,0.0,0.0,0.0,0.5201271186440678,0.1059322033898305,0.14353813559322035,1888,0.0,0.0,2014-03-13 11:49:01
0.07084881001513275,0.0,2014-03-13 11:51:01,0.02957765855000688,0.06163158618792131,0.0,0.004952538175815105,0.4535699546017334,0.26895033704773696,0.09602421240885954,7269,0.014444903012794058,0.0,2014-03-13 11:50:01
0.14255469301340862,0.0,2014-03-13 11:52:01,0.0014114326040931546,0.17290049400141144,0.0,0.07057163020465773,0.41284403669724773,0.11150317572335922,0.08821453775582216,1417,0.0,0.0,2014-03-13 11:51:01
0.24641148325358853,0.0,2014-03-13 11:53:01,0.023923444976076555,0.14114832535885166,0.0,0.0,0.33811802232854865,0.1634768740031898,0.08692185007974482,1254,0.0,0.0,2014-03-13 11:52:01
0.0,0.0,2014-03-13 11:54:01,0.0,0.0,0.0,0.0,1.0,0.0,0.0,190,0.0,0.0,2014-03-13 11:53:01
0.2418558736426456,0.0,2014-03-13 11:55:01,0.005923000987166831,0.0029615004935834156,0.0,0.0,0.39190523198420535,0.2102665350444225,0.14708785784797632,1013,0.0,0.0,2014-03-13 11:54:01
0.0,0.0,2014-03-13 11:56:01,0.0823045267489712,0.24691358024691357,0.0,0.1646090534979424,0.1654320987654321,0.3366255144032922,0.00411522633744856,1215,0.0,0.0,2014-03-13 11:55:01
0.2607561929595828,0.0,2014-03-13 11:57:01,0.003911342894393742,0.0,0.0,0.0,0.22294654498044328,0.11994784876140809,0.2607561929595828,767,0.1316818774445893,0.0,2014-03-13 11:56:01
0.0,0.0,2014-03-13 11:58:01,0.0,1.0,0.0,0.0,0.0,0.0,0.0,13,0.0,0.0,2014-03-13 11:57:01
0.012224938875305624,0.0,2014-03-13 11:59:01,0.0,0.0,0.0,0.4889975550122249,0.254278728606357,0.24449877750611246,0.0,409,0.0,0.0,2014-03-13 11:58:01
0.007692307692307693,0.0,2014-03-13 12:00:01,0.0,0.21153846153846154,0.0,0.0,0.4346153846153846,0.33653846153846156,0.009615384615384616,520,0.0,0.0,2014-03-13 11:59:01
0.0,0.0,2014-03-13 12:01:01,0.10714285714285714,0.0,0.0,0.0,0.35714285714285715,0.5357142857142857,0.0,28,0.0,0.0,2014-03-13 12:00:01
0.09416195856873823,0.0,2014-03-13 12:02:01,0.002824858757062147,0.007532956685499058,0.0,0.09416195856873823,0.2523540489642185,0.3116760828625235,0.23728813559322035,1062,0.0,0.0,2014-03-13 12:01:01
0.22099447513812154,0.055248618784530384,2014-03-13 12:03:01,0.11049723756906077,0.055248618784530384,0.0,0.055248618784530384,0.3370165745856354,0.16574585635359115,0.0,1810,0.0,0.0,2014-03-13 12:02:01
0.08021390374331551,0.0,2014-03-13 12:04:01,0.06799083269671505,0.04736440030557677,0.0,0.07639419404125286,0.2967914438502674,0.00267379679144385,0.35485103132161955,2618,0.07372039724980901,0.0,2014-03-13 12:03:01
0.069164265129683,0.0,2014-03-13 12:05:01,0.06628242074927954,0.0,0.0,0.10886967659301953,0.659622158181236,0.04803073967339097,0.03202049311559398,3123,0.01601024655779699,0.0,2014-03-13 12:04:01
0.2511715089034677,0.001562011871290222,2014-03-13 12:06:01,0.0006248047485160887,0.06560449859418932,0.0,0.05529522024367385,0.31021555763823805,0.18712902218056857,0.12839737582005623,3201,0.0,0.0,2014-03-13 12:05:01
0.03915426781519186,0.0,2014-03-13 12:07:01,0.03915426781519186,0.04346123727486296,0.0,0.0,0.6761942051683634,0.08065779169929523,0.12137823022709475,2554,0.0,0.0,2014-03-13 12:06:01
0.12057142857142857,0.0,2014-03-13 12:08:01,0.17142857142857143,0.17142857142857143,0.0,0.0,0.336,0.14342857142857143,0.05714285714285714,1750,0.0,0.0,2014-03-13 12:07:01
0.18292682926829268,0.0,2014-03-13 12:09:01,0.06097560975609756,0.06097560975609756,0.0,0.18292682926829268,0.1975609756097561,0.25365853658536586,0.06097560975609756,1640,0.0,0.0,2014-03-13 12:08:01
0.13329040566645203,0.0,2014-03-13 12:10:01,0.13509336767546684,0.025756600128783,0.0,0.05782356728911783,0.29929169349645846,0.23734707018673534,0.11088216355441081,7765,0.00051513200257566,0.0,2014-03-13 12:09:01
0.0016460905349794238,0.0,2014-03-13 12:11:01,0.015637860082304528,0.37613168724279833,0.0,0.0,0.5399176954732511,0.06666666666666667,0.0,1215,0.0,0.0,2014-03-13 12:10:01
0.2653061224489796,0.0,2014-03-13 12:12:01,0.011259676284306826,0.09078114004222379,0.0,0.07037297677691766,0.25967628430682616,0.19704433497536947,0.1055594651653765,1421,0.0,0.0,2014-03-13 12:11:01
0.27497708524289644,0.0,2014-03-13 12:13:01,0.0,0.09165902841429881,0.0,0.044912923923006415,0.38588450962419796,0.11090742438130156,0.09165902841429881,1091,0.0,0.0,2014-03-13 12:12:01
0.0,0.0,2014-03-13 12:14:01,0.07087447108603667,0.03526093088857546,0.0,0.03526093088857546,0.5271509167842031,0.18511988716502115,0.14633286318758815,2836,0.0,0.0,2014-03-13 12:13:01
0.24153498871331827,0.0,2014-03-13 12:15:01,0.02708803611738149,0.0,0.0,0.0,0.34198645598194133,0.36681715575620766,0.022573363431151242,4430,0.0,0.0,2014-03-13 12:14:01
0.10441962117532783,0.0,2014-03-13 12:16:01,0.03237817710862879,0.016189088554314394,0.0,0.008094544277157197,0.16189088554314393,0.6742755382871944,0.002752145054233447,6177,0.0,0.0,2014-03-13 12:15:01
0.0,0.0,2014-03-13 12:17:01,0.12427745664739884,0.07225433526011561,0.0,0.07225433526011561,0.43786127167630057,0.2875722543352601,0.0,1384,0.005780346820809248,0.0,2014-03-13 12:16:01
0.07769145394006659,0.0,2014-03-13 12:18:01,0.11098779134295228,0.05549389567147614,0.0,0.0,0.4955604883462819,0.20477247502774695,0.05549389567147614,1802,0.0,0.0,2014-03-13 12:17:01
0.23467070401211204,0.0,2014-03-13 12:19:01,0.00757002271006813,0.0,0.0,0.0,0.25813777441332325,0.4996214988644966,0.0,1321,0.0,0.0,2014-03-13 12:18:01
0.1762114537444934,0.0,2014-03-13 12:20:01,0.014096916299559472,0.0,0.0,0.0,0.16211453744493393,0.6475770925110133,0.0,1135,0.0,0.0,2014-03-13 12:19:01
0.07385524372230429,0.0,2014-03-13 12:21:01,0.23818316100443132,0.07385524372230429,0.0,0.22156573116691286,0.2016248153618907,0.06683899556868537,0.1240768094534712,2708,0.0,0.0,2014-03-13 12:20:01
0.06284367635506677,0.0,2014-03-13 12:22:01,0.05357423409269442,0.031421838177533384,0.0,0.01586802827965436,0.3368421052631579,0.27996857816182247,0.20754124116260803,6365,0.011940298507462687,0.0,2014-03-13 12:21:01
0.08940092165898618,0.0,2014-03-13 12:23:01,0.02304147465437788,0.024193548387096774,0.0,0.0,0.46336405529953917,0.22580645161290322,0.17419354838709677,4340,0.0,0.0,2014-03-13 12:22:01
0.22669826224328593,0.0,2014-03-13 12:24:01,0.13902053712480253,0.07898894154818326,0.0,0.11848341232227488,0.43601895734597157,0.0007898894154818325,0.0,1266,0.0,0.0,2014-03-13 12:23:01
0.056372549019607844,0.0,2014-03-13 12:25:01,0.0,0.0,0.0,0.0029411764705882353,0.17352941176470588,0.6446078431372549,0.12254901960784313,2040,0.0,0.0,2014-03-13 12:24:01
0.021505376344086023,0.0,2014-03-13 12:26:01,0.0,0.0,0.0,0.0,0.3096774193548387,0.25806451612903225,0.410752688172043,465,0.0,0.0,2014-03-13 12:25:01
0.08845766129032258,0.0,2014-03-13 12:27:01,0.029737903225806453,0.0025201612903225806,0.0,0.0,0.23462701612903225,0.4217489919354839,0.22290826612903225,7936,0.0,0.0,2014-03-13 12:26:01
0.3311462755692783,0.0,2014-03-13 12:28:01,0.03975299112311849,0.0,0.0,0.0,0.36240833654959476,0.2666923967580085,0.0,2591,0.0,0.0,2014-03-13 12:27:01
0.21436227224008575,0.0,2014-03-13 12:29:01,0.0,0.0,0.0,0.0,0.43086816720257237,0.13933547695605572,0.21543408360128619,933,0.0,0.0,2014-03-13 12:28:01
0.001349527665317139,0.0,2014-03-13 12:30:01,0.001349527665317139,0.0,0.0,0.0,0.3144399460188934,0.5168690958164642,0.1659919028340081,741,0.0,0.0,2014-03-13 12:29:01
0.5968961400716275,0.0,2014-03-13 12:31:01,0.08595304417031437,0.0,0.0,0.03979307600477517,0.20334261838440112,0.06804615996816554,0.005968961400716275,2513,0.0,0.0,2014-03-13 12:30:01
0.0,0.0,2014-03-13 12:32:01,0.014535967200894522,0.0,0.0,0.0,0.16846813268729036,0.7349981364144614,0.0819977636973537,2683,0.0,0.0,2014-03-13 12:31:01
0.025525525525525526,0.0,2014-03-13 12:33:01,0.025025025025025027,0.0,0.0,0.02077077077077077,0.4612112112112112,0.13313313313313313,0.33433433433433435,3996,0.0,0.0,2014-03-13 12:32:01
0.07927187316500293,0.0,2014-03-13 12:34:01,0.08690546095126248,0.07829320806420043,0.0,0.058719906048150326,0.38383245253474263,0.2192209825797612,0.09375611665688001,5109,0.0,0.0,2014-03-13 12:33:01
0.02012578616352201,0.0,2014-03-13 12:35:01,0.0,0.15345911949685534,0.0,0.0,0.43522012578616354,0.2138364779874214,0.17735849056603772,795,0.0,0.0,2014-03-13 12:34:01
0.04927007299270073,0.0,2014-03-13 12:36:01,0.06082725060827251,0.0,0.0,0.0,0.4096715328467153,0.2849756690997567,0.19525547445255476,3288,0.0,0.0,2014-03-13 12:35:01
0.13528948404883812,0.0,2014-03-13 12:37:01,0.05927530523828279,0.020086648286727057,0.0,0.019692792437967704,0.2727451752658527,0.13154785348562426,0.36136274123670736,5078,0.0,0.0,2014-03-13 12:36:01
0.0,0.0,2014-03-13 12:38:01,0.10526315789473684,0.0,0.0,0.0,0.7368421052631579,0.14736842105263157,0.010526315789473684,950,0.0,0.0,2014-03-13 12:37:01
0.12098638582070383,0.0,2014-03-13 12:39:01,0.0007706139224248652,0.036475725661443616,0.0,0.02234780375032109,0.4104803493449782,0.20472643205753918,0.20421268944258927,3893,0.0,0.0,2014-03-13 12:38:01
0.2160892542571932,0.0,2014-03-13 12:40:01,0.058719906048150326,0.029359953024075163,0.0,0.0,0.3385202583675866,0.30005871990604815,0.05725190839694656,3406,0.0,0.0,2014-03-13 12:39:01
0.03851963746223565,0.0,2014-03-13 12:41:01,0.08648036253776435,0.0,0.0,0.0,0.3867069486404834,0.08950151057401813,0.22658610271903323,2648,0.17220543806646527,0.0,2014-03-13 12:40:01
0.12793572311495674,0.0,2014-03-13 12:42:01,0.030902348578491966,0.046353522867737945,0.0,0.0,0.5179233621755254,0.05871446229913473,0.21415327564894932,3236,0.0040173053152039555,0.0,2014-03-13 12:41:01
0.03570153516601214,0.0,2014-03-13 12:43:01,0.0,0.1838629061049625,0.0,0.018564798286326314,0.41485183862906105,0.19457336665476616,0.15244555515887184,2801,0.0,0.0,2014-03-13 12:42:01
0.12082670906200318,0.0,2014-03-13 12:44:01,0.0009538950715421304,0.03179650238473768,0.0,0.0,0.5252782193958665,0.2041335453100159,0.11701112877583465,3145,0.0,0.0,2014-03-13 12:43:01
0.0,0.0,2014-03-13 12:45:01,0.06625766871165645,0.0,0.0,0.06134969325153374,0.5294478527607362,0.147239263803681,0.19570552147239265,1630,0.0,0.0,2014-03-13 12:44:01
0.015458422174840085,0.0,2014-03-13 12:46:01,0.0,0.0,0.0,0.0,0.39285714285714285,0.26705756929637525,0.3246268656716418,1876,0.0,0.0,2014-03-13 12:45:01
0.07189072609633357,0.0,2014-03-13 12:47:01,0.0,0.0,0.0,0.0,0.6599568655643422,0.07189072609633357,0.14378145219266714,1391,0.052480230050323505,0.0,2014-03-13 12:46:01
0.0,0.0,2014-03-13 12:48:01,0.0,0.0,0.0,0.0,0.9479166666666666,0.052083333333333336,0.0,192,0.0,0.0,2014-03-13 12:47:01
0.07415647015202076,0.0,2014-03-13 12:49:01,0.0,0.0,0.0,0.0,0.3778272154245458,0.3081201334816463,0.23989618094178716,2697,0.0,0.0,2014-03-13 12:48:01
0.0,0.0,2014-03-13 12:50:01,0.17418351477449456,0.0,0.0,0.0,0.5505443234836703,0.19751166407465007,0.07776049766718507,1286,0.0,0.0,2014-03-13 12:49:01
0.0,0.0,2014-03-13 12:51:01,0.0,0.0,0.0,0.0,0.4690265486725664,0.5309734513274337,0.0,226,0.0,0.0,2014-03-13 12:50:01
0.039761431411530816,0.0,2014-03-13 12:52:01,0.0,0.0015904572564612327,0.0,0.0,0.8246520874751491,0.13399602385685885,0.0,2515,0.0,0.0,2014-03-13 12:51:01
0.16218721037998146,0.0,2014-03-13 12:53:01,0.04633920296570899,0.04633920296570899,0.0,0.08850787766450417,0.3243744207599629,0.27803521779425394,0.05421686746987952,2158,0.0,0.0,2014-03-13 12:52:01
0.07722007722007722,0.0,2014-03-13 12:54:01,0.05148005148005148,0.02574002574002574,0.0,0.02574002574002574,0.4517374517374517,0.31093951093951094,0.05714285714285714,3885,0.0,0.0,2014-03-13 12:53:01
0.0044444444444444444,0.0,2014-03-13 12:55:01,0.02962962962962963,0.0,0.0,0.0,0.2077037037037037,0.08918518518518519,0.669037037037037,3375,0.0,0.0,2014-03-13 12:54:01
0.06527415143603134,0.0,2014-03-13 12:56:01,0.05287206266318538,0.0693537859007833,0.0,0.01550261096605744,0.6139033942558747,0.07653394255874674,0.09024151436031332,6128,0.016318537859007835,0.0,2014-03-13 12:55:01
0.19428294573643412,0.0,2014-03-13 12:57:01,0.04844961240310078,0.04844961240310078,0.0,0.15164728682170542,0.4118217054263566,0.09689922480620156,0.0,2064,0.04844961240310078,0.0,2014-03-13 12:56:01
0.05428881650380022,0.0,2014-03-13 12:58:01,0.018096272167933407,0.0,0.0,0.0,0.4480636988780311,0.2211364458921462,0.25841476655808904,5526,0.0,0.0,2014-03-13 12:57:01
0.10585538653886226,0.0,2014-03-13 12:59:01,0.01833715357366118,0.0,0.0,0.0,0.4836424255053136,0.25171910814753073,0.1404459262346322,4799,0.0,0.0,2014-03-13 12:58:01
0.061240616357171075,0.019755037534571317,2014-03-13 13:00:01,0.019755037534571317,0.03575661793757408,0.0,0.043263532200711184,0.4059660213354405,0.3111418411694982,0.10312129593046226,5062,0.0,0.0,2014-03-13 12:59:01
0.19404661611906768,0.0,2014-03-13 13:01:01,0.0,0.0,0.0,0.0,0.34231957315360856,0.16821117663577648,0.29542263409154734,3561,0.0,0.0,2014-03-13 13:00:01
0.13066092255963013,0.0,2014-03-13 13:02:01,0.018860985604707364,0.013029315960912053,0.0,0.005358831564568667,0.46895029946411687,0.14610696648103394,0.21141115897866974,19034,0.005621519386361249,0.0,2014-03-13 13:01:01
0.08419380460683082,0.0,2014-03-13 13:03:01,0.021842732327243843,0.044678316123907866,0.0,0.04070691024622716,0.5951151707704527,0.11000794281175535,0.10345512311358221,5036,0.0,0.0,2014-03-13 13:02:01
0.07400211939244083,0.0,2014-03-13 13:04:01,0.037089367714588484,0.017661603673613566,0.0,0.0565171317555634,0.5934298834334157,0.17467326033203814,0.020310844224655598,5662,0.02631578947368421,0.0,2014-03-13 13:03:01
0.1427436440677966,0.0,2014-03-13 13:05:01,0.1853813559322034,0.026483050847457626,0.026483050847457626,0.00026483050847457627,0.4192266949152542,0.1159957627118644,0.08342161016949153,3776,0.0,0.0,2014-03-13 13:04:01
0.04223132682004412,0.0,2014-03-13 13:06:01,0.003151591553734636,0.01134572959344469,0.0,0.0,0.3509297195083517,0.12023321777497636,0.4721084147494485,6346,0.0,0.0,2014-03-13 13:05:01
0.062346588119784,0.0,2014-03-13 13:07:01,0.0836197021764032,0.036000654557355585,0.0,0.016363933889707086,0.46309932907871054,0.27491408934707906,0.059728358697430865,6111,0.0039273441335297005,0.0,2014-03-13 13:06:01
0.05120481927710843,0.0,2014-03-13 13:08:01,0.05,0.017620481927710843,0.0,0.045180722891566265,0.23704819277108433,0.2414156626506024,0.3575301204819277,6640,0.0,0.0,2014-03-13 13:07:01
0.11274509803921569,0.0,2014-03-13 13:09:01,0.14705882352941177,0.0,0.0,0.011519607843137256,0.3220588235294118,0.11740196078431372,0.2696078431372549,4080,0.0196078431372549,0.0,2014-03-13 13:08:01
0.15562591329761324,0.0,2014-03-13 13:10:01,0.0007306380905991232,0.0,0.0,0.024354603019970774,0.45153433999025816,0.2328300048709206,0.13492450073063808,4106,0.0,0.0,2014-03-13 13:09:01
0.08264915161466886,0.0,2014-03-13 13:11:01,0.06568144499178982,0.06568144499178982,0.0,0.0,0.4904214559386973,0.07662835249042145,0.21893814997263272,1827,0.0,0.0,2014-03-13 13:10:01
0.04546941445861956,0.0,2014-03-13 13:12:01,0.0,0.0,0.0,0.0,0.8092901537455022,0.0032711808963035655,0.1092574419365391,3057,0.03271180896303565,0.0,2014-03-13 13:11:01
0.05582006238712855,0.0,2014-03-13 13:13:01,0.04334263667706452,0.061566245279921196,0.0,0.0037760630438351665,0.41060581185355444,0.1876539156131998,0.23723526514529633,6091,0.0,0.0,2014-03-13 13:12:01
0.053087949035568925,0.0,2014-03-13 13:14:01,0.04972571226331623,0.02512829587683596,0.0,0.0,0.5050433551583791,0.2918067598655105,0.07520792780038932,5651,0.0,0.0,2014-03-13 13:13:01
0.05998636673483299,0.0,2014-03-13 13:15:01,0.0,0.0,0.0,0.0,0.47375596455351054,0.3960463531015678,0.07021131561008861,1467,0.0,0.0,2014-03-13 13:14:01
0.06352459016393443,0.0,2014-03-13 13:16:01,0.005359394703656999,0.0,0.0,0.031525851197982346,0.5217528373266078,0.1409205548549811,0.23691677175283732,6344,0.0,0.0,2014-03-13 13:15:01
0.098828125,0.0,2014-03-13 13:17:01,0.10677083333333333,0.01953125,0.0,0.0390625,0.32734375,0.2752604166666667,0.10716145833333333,7680,0.026041666666666668,0.0,2014-03-13 13:16:01
0.17257785467128028,0.0,2014-03-13 13:18:01,0.004757785467128028,0.0,0.0,0.0,0.3836505190311419,0.34731833910034604,0.09169550173010381,2312,0.0,0.0,2014-03-13 13:17:01
0.03294573643410853,0.0,2014-03-13 13:19:01,0.049176356589147284,0.0,0.0,0.023255813953488372,0.46584302325581395,0.32897286821705424,0.0998062015503876,4128,0.0,0.0,2014-03-13 13:18:01
0.04552319309600863,0.0,2014-03-13 13:20:01,0.06731391585760518,0.021574973031283712,0.0,0.021574973031283712,0.6420711974110033,0.15102481121898598,0.04466019417475728,4635,0.006256742179072276,0.0,2014-03-13 13:19:01
0.021541950113378686,0.0,2014-03-13 13:21:01,0.020786092214663644,0.0,0.0,0.0,0.721655328798186,0.11810279667422524,0.10525321239606954,5292,0.012660619803476946,0.0,2014-03-13 13:20:01
0.07710159876224858,0.0,2014-03-13 13:22:01,0.025786487880350695,0.025786487880350695,0.0,0.0,0.6227436823104693,0.14956162970603404,0.09902011346054668,3878,0.0,0.0,2014-03-13 13:21:01
0.0,0.0,2014-03-13 13:23:01,0.01783803068141277,0.0,0.0,0.026757046022119157,0.6236175526221905,0.2568676418123439,0.0392436674991081,5606,0.03567606136282554,0.0,2014-03-13 13:22:01
0.04253509145044662,0.0,2014-03-13 13:24:01,0.04253509145044662,0.0,0.0,0.0,0.3534666099532114,0.26371756699276905,0.2977456401531263,2351,0.0,0.0,2014-03-13 13:23:01
0.07419354838709677,0.0,2014-03-13 13:25:01,0.04032258064516129,0.04032258064516129,0.0,0.04032258064516129,0.31693548387096776,0.4032258064516129,0.08064516129032258,2480,0.004032258064516129,0.0,2014-03-13 13:24:01
0.0,0.0,2014-03-13 13:26:01,0.018065268065268064,0.011655011655011656,0.0,0.0,0.6666666666666666,0.18706293706293706,0.11655011655011654,1716,0.0,0.0,2014-03-13 13:25:01
0.015299292407726142,0.0,2014-03-13 13:27:01,0.024287626697265252,0.0,0.0,0.0,0.9189137502390514,0.019124115509657678,0.022375215146299483,5229,0.0,0.0,2014-03-13 13:26:01
0.10014947683109118,0.0,2014-03-13 13:28:01,0.14947683109118087,0.2491280518186348,0.0,0.02142501245640259,0.4349775784753363,0.04484304932735426,0.0,2007,0.0,0.0,2014-03-13 13:27:01
0.013715110683349374,0.0,2014-03-13 13:29:01,0.0,0.0,0.0,0.0,0.39076034648700675,0.0726660250240616,0.5221366698748797,4156,0.0007218479307025986,0.0,2014-03-13 13:28:01
0.08868393047179851,0.0,2014-03-13 13:30:01,0.1071301880099326,0.0,0.0,0.0,0.6392337708407236,0.14224902447676482,0.022703086200780417,5638,0.0,0.0,2014-03-13 13:29:01
0.0028530670470756064,0.0,2014-03-13 13:31:01,0.0,0.0,0.0,0.0,0.8972895863052782,0.014265335235378032,0.014265335235378032,701,0.07132667617689016,0.0,2014-03-13 13:30:01
0.0,0.0,2014-03-13 13:32:01,0.05959475566150179,0.0,0.0,0.0,0.5709177592371871,0.13110846245530394,0.17878426698450536,1678,0.05959475566150179,0.0,2014-03-13 13:31:01
0.000696217219772569,0.0,2014-03-13 13:33:01,0.02993734045022047,0.023207240659085634,0.0,0.0,0.23624970990949176,0.3385936412160594,0.023207240659085634,4309,0.0,0.3481086098862845,2014-03-13 13:32:01
0.31435557107928747,0.0,2014-03-13 13:34:01,0.0,0.012574222843171499,0.0,0.0349283967865875,0.37163814180929094,0.2665036674816626,0.0,2863,0.0,0.0,2014-03-13 13:33:01
0.0,0.0,2014-03-13 13:35:01,0.0,0.05569620253164557,0.0,0.08810126582278481,0.32050632911392407,0.1281012658227848,0.40050632911392403,1975,0.007088607594936709,0.0,2014-03-13 13:34:01
0.0,0.0,2014-03-13 13:36:01,0.0,0.0,0.0,0.0,0.31842429216249485,0.16495691423881823,0.5166187935986869,2437,0.0,0.0,2014-03-13 13:35:01
0.0,0.0,2014-03-13 13:37:01,0.06090133982947625,0.0,0.0,0.06090133982947625,0.2570036540803898,0.6144945188794153,0.006699147381242387,1642,0.0,0.0,2014-03-13 13:36:01
0.13315579227696406,0.0,2014-03-13 13:38:01,0.06691078561917443,0.033288948069241014,0.0,0.0,0.594207723035952,0.1155126498002663,0.05692410119840213,3004,0.0,0.0,2014-03-13 13:37:01
0.18561484918793503,0.0,2014-03-13 13:39:01,0.0,0.07733952049497293,0.0,0.0,0.36040216550657383,0.3766434648105182,0.0,1293,0.0,0.0,2014-03-13 13:38:01
0.4032258064516129,0.0,2014-03-13 13:40:01,0.0,0.0,0.0,0.002304147465437788,0.24423963133640553,0.25806451612903225,0.09216589861751152,434,0.0,0.0,2014-03-13 13:39:01
0.10882417341799869,0.0,2014-03-13 13:41:01,0.02189621195533173,0.02189621195533173,0.0,0.0,0.6025837530107292,0.15940442303481497,0.08539522662579374,4567,0.0,0.0,2014-03-13 13:40:01
0.28655737704918033,0.0,2014-03-13 13:42:01,0.003934426229508197,0.03344262295081967,0.0,0.03278688524590164,0.45704918032786884,0.0,0.18622950819672132,1525,0.0,0.0,2014-03-13 13:41:01
0.1983430799220273,0.0,2014-03-13 13:43:01,0.0,0.0,0.0,0.0009746588693957114,0.43226120857699807,0.02729044834307992,0.341130604288499,2052,0.0,0.0,2014-03-13 13:42:01
0.0,0.0,2014-03-13 13:44:01,0.007537688442211055,0.0,0.0,0.0,0.7386934673366834,0.2537688442211055,0.0,796,0.0,0.0,2014-03-13 13:43:01
0.14184397163120568,0.0,2014-03-13 13:45:01,0.02364066193853428,0.05673758865248227,0.0,0.0,0.6359338061465721,0.14184397163120568,0.0,846,0.0,0.0,2014-03-13 13:44:01
0.2622540250447227,0.0,2014-03-13 13:46:01,0.0,0.022361359570661897,0.0,0.0,0.3737030411449016,0.32379248658318427,0.017889087656529516,5590,0.0,0.0,2014-03-13 13:45:01
0.014084507042253521,0.0,2014-03-13 13:47:01,0.023474178403755867,0.03051643192488263,0.0,0.0,0.3474178403755869,0.5845070422535211,0.0,852,0.0,0.0,2014-03-13 13:46:01
0.17480268927214265,0.0,2014-03-13 13:48:01,0.0029231218941829875,0.0029231218941829875,0.0,0.029231218941829874,0.33995907629348143,0.4194679918152587,0.030692779888921367,3421,0.0,0.0,2014-03-13 13:47:01
0.06720430107526881,0.0,2014-03-13 13:49:01,0.006720430107526882,0.0739247311827957,0.0,0.0,0.3978494623655914,0.3864247311827957,0.0678763440860215,1488,0.0,0.0,2014-03-13 13:48:01
0.12096774193548387,0.0,2014-03-13 13:50:01,0.0,0.0,0.0,0.0,0.0,0.8064516129032258,0.07258064516129033,124,0.0,0.0,2014-03-13 13:49:01
0.08333333333333333,0.0,2014-03-13 13:51:01,0.0,0.0,0.0,0.0,0.71187106918239,0.08687106918238993,0.07861635220125786,2544,0.03930817610062893,0.0,2014-03-13 13:50:01
0.1736111111111111,0.0,2014-03-13 13:52:01,0.014756944444444444,0.0,0.0,0.005208333333333333,0.296875,0.24913194444444445,0.2604166666666667,1152,0.0,0.0,2014-03-13 13:51:01
0.0,0.0,2014-03-13 13:53:01,0.11499639509733237,0.0,0.0,0.012977649603460706,0.6492429704397982,0.11463590483056957,0.10814708002883922,2774,0.0,0.0,2014-03-13 13:52:01
0.0,0.0,2014-03-13 13:54:01,0.0,0.0,0.0,0.0,1.0,0.0,0.0,10,0.0,0.0,2014-03-13 13:53:01
0.06979405034324943,0.0,2014-03-13 13:55:01,0.028604118993135013,0.12700228832951946,0.0,0.0,0.4879862700228833,0.2574370709382151,0.0005720823798627002,3496,0.028604118993135013,0.0,2014-03-13 13:54:01
0.1201885310290652,0.0,2014-03-13 13:56:01,0.0,0.026184865147944488,0.0,0.0002618486514794449,0.3040062843676355,0.4053417124901807,0.12306886619533909,3819,0.020947892118355592,0.0,2014-03-13 13:55:01
0.0,0.0,2014-03-13 13:57:01,0.4040114613180516,0.0,0.0,0.0,0.5873925501432665,0.008595988538681949,0.0,349,0.0,0.0,2014-03-13 13:56:01
0.0,0.0,2014-03-13 13:58:01,0.07835820895522388,0.0,0.0,0.09328358208955224,0.5455223880597015,0.07761194029850746,0.20522388059701493,1340,0.0,0.0,2014-03-13 13:57:01
0.04800768122899664,0.0,2014-03-13 13:59:01,0.00048007681228996637,0.002400384061449832,0.0,0.024483917426788286,0.5933749399903985,0.23331733077292366,0.09793566970715314,2083,0.0,0.0,2014-03-13 13:58:01
0.17433751743375175,0.0,2014-03-13 14:00:01,0.0697350069735007,0.0697350069735007,0.0,0.10460251046025104,0.37203626220362623,0.17433751743375175,0.03486750348675035,2868,0.0003486750348675035,0.0,2014-03-13 13:59:01
0.030257186081694403,0.0,2014-03-13 14:01:01,0.0,0.15128593040847202,0.0,0.0,0.037821482602118005,0.3812405446293495,0.3842662632375189,661,0.015128593040847202,0.0,2014-03-13 14:00:01
0.05014749262536873,0.0,2014-03-13 14:02:01,0.09832841691248771,0.0,0.0,0.0,0.4916420845624385,0.18780727630285152,0.07374631268436578,1017,0.09832841691248771,0.0,2014-03-13 14:01:01
0.077850326469111,0.0,2014-03-13 14:03:01,0.0,0.0,0.0,0.0,0.5600200904068308,0.30135610246107486,0.06077348066298342,1991,0.0,0.0,2014-03-13 14:02:01
0.10919692552345614,0.0,2014-03-13 14:04:01,0.01855287569573284,0.0,0.0,0.026504108136761198,0.424860853432282,0.3678770209382454,0.053008216273522396,3773,0.0,0.0,2014-03-13 14:03:01
0.031322505800464036,0.0,2014-03-13 14:05:01,0.0,0.0,0.0,0.0,0.8694895591647331,0.058004640371229696,0.04118329466357309,1724,0.0,0.0,2014-03-13 14:04:01
0.14799608993157382,0.0,2014-03-13 14:06:01,0.025806451612903226,0.019550342130987292,0.0,0.0,0.42502443792766376,0.21622678396871944,0.1653958944281525,5115,0.0,0.0,2014-03-13 14:05:01
0.19853709508881923,0.0,2014-03-13 14:07:01,0.05276907001044932,0.0,0.018286311389759665,0.02638453500522466,0.32027168234064785,0.38009404388714735,0.0010449320794148381,3828,0.002612330198537095,0.0,2014-03-13 14:06:01
0.0,0.0,2014-03-13 14:08:01,0.04524886877828054,0.0,0.0,0.0,0.7647058823529411,0.19004524886877827,0.0,221,0.0,0.0,2014-03-13 14:07:01
0.005978260869565218,0.0,2014-03-13 14:09:01,0.002173913043478261,0.0,0.0,0.0,0.8016304347826086,0.19021739130434784,0.0,1840,0.0,0.0,2014-03-13 14:08:01
0.16968781470292044,0.0,2014-03-13 14:10:01,0.0010070493454179255,0.0,0.0,0.0,0.40231621349446123,0.4269889224572004,0.0,1986,0.0,0.0,2014-03-13 14:09:01
0.23698134224450013,0.0,2014-03-13 14:11:01,0.002227791701475912,0.0,0.0,0.0,0.5605680868838764,0.17237538290169868,0.0278473962684489,3591,0.0,0.0,2014-03-13 14:10:01
0.0,0.0,2014-03-13 14:12:01,0.11092985318107668,0.3262642740619902,0.0,0.0,0.5628058727569332,0.0,0.0,613,0.0,0.0,2014-03-13 14:11:01
0.0,0.0,2014-03-13 14:13:01,0.10915104740904079,0.0,0.0,0.0,0.3737596471885336,0.33076074972436603,0.18632855567805953,907,0.0,0.0,2014-03-13 14:12:01
0.1063703115697559,0.0,2014-03-13 14:14:01,0.06410001984520738,0.024012700932724746,0.0,0.00019845207382417147,0.3921412978765628,0.34490970430641,0.06231395118078984,5039,0.005953562214725144,0.0,2014-03-13 14:13:01
0.10040160642570281,0.0,2014-03-13 14:15:01,0.001004016064257028,0.0,0.0,0.0,0.2319277108433735,0.5451807228915663,0.1214859437751004,996,0.0,0.0,2014-03-13 14:14:01
0.19334532374100719,0.0,2014-03-13 14:16:01,0.045863309352517985,0.0,0.0,0.0,0.1223021582733813,0.5755395683453237,0.06294964028776978,1112,0.0,0.0,2014-03-13 14:15:01
0.11629125196437926,0.0,2014-03-13 14:17:01,0.05290728129910948,0.0,0.0,0.05238344683080147,0.5086432687270822,0.13305395495023573,0.13672079622839184,1909,0.0,0.0,2014-03-13 14:16:01
0.029016277423920735,0.0,2014-03-13 14:18:01,0.07218683651804671,0.07077140835102619,0.0,0.0021231422505307855,0.5322009907997169,0.2937013446567587,0.0,1413,0.0,0.0,2014-03-13 14:17:01
0.08377581120943953,0.0,2014-03-13 14:19:01,0.030678466076696165,0.061946902654867256,0.0,0.030973451327433628,0.31091445427728615,0.37404129793510327,0.10766961651917405,3390,0.0,0.0,2014-03-13 14:18:01
0.0544069640914037,0.0,2014-03-13 14:20:01,0.19042437431991294,0.011425462459194777,0.0,0.01088139281828074,0.3324265505984766,0.2606093579978237,0.1398258977149075,1838,0.0,0.0,2014-03-13 14:19:01
0.2022519651582749,0.0,2014-03-13 14:21:01,0.0,0.0,0.0,0.0,0.49628213299341406,0.17123433184618653,0.12173358827278521,4707,0.008497981729339282,0.0,2014-03-13 14:20:01
0.14947780678851175,0.0,2014-03-13 14:22:01,0.03263707571801567,0.0,0.0,0.008159268929503917,0.4595300261096606,0.3328981723237598,0.017297650130548303,3064,0.0,0.0,2014-03-13 14:21:01
0.18932038834951456,0.0,2014-03-13 14:23:01,0.08689320388349514,0.000970873786407767,0.0,0.0,0.38349514563106796,0.19368932038834952,0.14563106796116504,2060,0.0,0.0,2014-03-13 14:22:01
0.11373390557939914,0.0,2014-03-13 14:24:01,0.2113733905579399,0.1072961373390558,0.0,0.0,0.2532188841201717,0.0890557939914163,0.11802575107296137,932,0.1072961373390558,0.0,2014-03-13 14:23:01
0.12152199762187872,0.0,2014-03-13 14:25:01,0.0030915576694411414,0.0,0.0,0.0,0.3586206896551724,0.2901307966706302,0.22663495838287753,4205,0.0,0.0,2014-03-13 14:24:01
0.0005915409642117716,0.0,2014-03-13 14:26:01,0.059154096421177166,0.002070393374741201,0.0,0.0,0.4321206743566992,0.26648920437740314,0.20999704229517893,3381,0.029577048210588583,0.0,2014-03-13 14:25:01
0.22518236600063432,0.0,2014-03-13 14:27:01,0.032667300983190616,0.03171582619727244,0.0,0.03171582619727244,0.35743736124326037,0.21027592768791628,0.11100539169045354,3153,0.0,0.0,2014-03-13 14:26:01
0.28161764705882353,0.0,2014-03-13 14:28:01,0.0375,0.0,0.0,0.0,0.34558823529411764,0.2757352941176471,0.041176470588235294,2720,0.01838235294117647,0.0,2014-03-13 14:27:01
0.0,0.0,2014-03-13 14:29:01,0.04677268475210477,0.0,0.0,0.0,0.5088868101028999,0.1637043966323667,0.2806361085126286,2138,0.0,0.0,2014-03-13 14:28:01
0.10966542750929369,0.0,2014-03-13 14:30:01,0.09293680297397769,0.09293680297397769,0.0,0.09293680297397769,0.40613382899628253,0.19516728624535315,0.0009293680297397769,1076,0.00929368029739777,0.0,2014-03-13 14:29:01
0.12991452991452992,0.0,2014-03-13 14:31:01,0.05,0.042735042735042736,0.0,0.0,0.5863247863247864,0.13547008547008546,0.05555555555555555,2340,0.0,0.0,2014-03-13 14:30:01
0.14234990316333118,0.0,2014-03-13 14:32:01,0.0,0.0,0.0,0.0,0.2843770174306004,0.21788250484183344,0.355390574564235,3098,0.0,0.0,2014-03-13 14:31:01
0.03880597014925373,0.0,2014-03-13 14:33:01,0.1279317697228145,0.0,0.0,0.042643923240938165,0.582089552238806,0.12281449893390192,0.08571428571428572,2345,0.0,0.0,2014-03-13 14:32:01
0.05291005291005291,0.0,2014-03-13 14:34:01,0.037037037037037035,0.0,0.0,0.0,0.19682539682539682,0.49074074074074076,0.22248677248677248,3780,0.0,0.0,2014-03-13 14:33:01
0.28756476683937826,0.0,2014-03-13 14:35:01,0.0025906735751295338,0.0,0.0,0.10829015544041451,0.4305699481865285,0.11917098445595854,0.05181347150259067,1930,0.0,0.0,2014-03-13 14:34:01
0.12560947295101,0.0,2014-03-13 14:36:01,0.07035059205943812,0.046436034362665427,0.0,0.023218017181332713,0.4427675876480149,0.23218017181332715,0.05943812398421175,4307,0.0,0.0,2014-03-13 14:35:01
0.15400291120815138,0.0,2014-03-13 14:37:01,0.05822416302765648,0.07161572052401746,0.0,0.02911208151382824,0.4637554585152838,0.11644832605531295,0.10684133915574964,3435,0.0,0.0,2014-03-13 14:36:01
0.32786885245901637,0.0,2014-03-13 14:38:01,0.021311475409836064,0.0,0.0,0.001639344262295082,0.6295081967213115,0.0,0.019672131147540985,610,0.0,0.0,2014-03-13 14:37:01
0.2333664349553128,0.0,2014-03-13 14:39:01,0.0,0.0,0.0,0.0,0.2512413108242304,0.11817279046673287,0.3972194637537239,2014,0.0,0.0,2014-03-13 14:38:01
0.08929773390172761,0.0,2014-03-13 14:40:01,0.02243661655822302,0.0,0.0,0.01009647745120036,0.2481489791339466,0.2474758806371999,0.3825443123177025,4457,0.0,0.0,2014-03-13 14:39:01
0.14059872182980154,0.0,2014-03-13 14:41:01,0.0026908846283215607,0.03363605785401951,0.0,0.03363605785401951,0.40766902119071646,0.23646148671375714,0.13958964009418096,2973,0.005718129835183316,0.0,2014-03-13 14:40:01
0.07422402159244265,0.0,2014-03-13 14:42:01,0.06747638326585695,0.0,0.0,0.0,0.2631578947368421,0.31039136302294196,0.21727395411605938,1482,0.06747638326585695,0.0,2014-03-13 14:41:01
0.16610033979612232,0.0,2014-03-13 14:43:01,0.010693583849690186,0.06146312212672397,0.0,0.009994003597841295,0.34869078552868277,0.3595842494503298,0.04347391565060964,10006,0.0,0.0,2014-03-13 14:42:01
0.0,0.0,2014-03-13 14:44:01,0.0,0.7800312012480499,0.0,0.0,0.15600624024961,0.046801872074883,0.015600624024960999,641,0.0015600624024961,0.0,2014-03-13 14:43:01
0.37849301397205587,0.0,2014-03-13 14:45:01,0.002245508982035928,0.0,0.0,0.0014970059880239522,0.33957085828343314,0.11676646706586827,0.16142714570858283,4008,0.0,0.0,2014-03-13 14:44:01
0.20804438280166435,0.0,2014-03-13 14:46:01,0.0,0.006934812760055479,0.0,0.0,0.7156726768377254,0.0,0.06934812760055478,1442,0.0,0.0,2014-03-13 14:45:01
0.33245208195637804,0.0,2014-03-13 14:47:01,0.0,0.0,0.0,0.0,0.20224719101123595,0.20819563780568406,0.25710508922670194,3026,0.0,0.0,2014-03-13 14:46:01
0.06986301369863014,0.0,2014-03-13 14:48:01,0.0,0.0273972602739726,0.0,0.0273972602739726,0.3495890410958904,0.20082191780821917,0.32493150684931504,3650,0.0,0.0,2014-03-13 14:47:01
0.1312803889789303,0.0,2014-03-13 14:49:01,0.07221321808031694,0.018008283810552854,0.0,0.0,0.27750765352061946,0.43886187646317304,0.05312443724113092,5553,0.009004141905276427,0.0,2014-03-13 14:48:01
0.04908555812486862,0.0,2014-03-13 14:50:01,0.03468572629808703,0.042989278957326044,0.0,0.010510826150935463,0.7316586083666177,0.06853058650409923,0.06253941559806601,9514,0.0,0.0,2014-03-13 14:49:01
0.2495329597010942,0.0,2014-03-13 14:51:01,0.02668801708033093,0.029890579129970642,0.0,0.0032025620496397116,0.47104350146784096,0.1633306645316253,0.056311716039498264,3747,0.0,0.0,2014-03-13 14:50:01
0.0,0.0,2014-03-13 14:52:01,0.0,0.0,0.0,0.0,0.0,1.0,0.0,108,0.0,0.0,2014-03-13 14:51:01
0.20384615384615384,0.0,2014-03-13 14:53:01,0.05128205128205128,0.0673076923076923,0.0,0.003205128205128205,0.6102564102564103,0.0,0.0641025641025641,1560,0.0,0.0,2014-03-13 14:52:01
0.2649633309675893,0.0,2014-03-13 14:54:01,0.07097232079488999,0.02365744026496333,0.0,0.02365744026496333,0.250295718003312,0.14194464158977999,0.224509108114502,4227,0.0,0.0,2014-03-13 14:53:01
0.08778625954198473,0.0,2014-03-13 14:55:01,0.06297709923664122,0.02719465648854962,0.0,0.0,0.5047709923664122,0.13549618320610687,0.18177480916030533,2096,0.0,0.0,2014-03-13 14:54:01
0.15212897891690783,0.0,2014-03-13 14:56:01,0.09859446052087639,0.02066969822240595,0.0,0.04423315419594874,0.40285241835469204,0.06738321620504341,0.21413807358412568,4838,0.0,0.0,2014-03-13 14:55:01
0.0,0.0,2014-03-13 14:57:01,0.0,0.22099447513812154,0.0,0.0,0.5580110497237569,0.0,0.0,905,0.22099447513812154,0.0,2014-03-13 14:56:01
0.041631973355537054,0.0,2014-03-13 14:58:01,0.04204829308909242,0.0,0.0,0.0,0.4208992506244796,0.4121565362198168,0.041631973355537054,2402,0.041631973355537054,0.0,2014-03-13 14:57:01
0.3812341504649197,0.0,2014-03-13 14:59:01,0.0507185122569738,0.0084530853761623,0.0,0.0,0.15004226542688082,0.3250211327134404,0.08453085376162299,2366,0.0,0.0,2014-03-13 14:58:01
0.0967741935483871,0.0,2014-03-13 15:00:01,0.07303712720632989,0.0,0.01399878271454656,0.030432136335970784,0.35118685331710287,0.3000608642726719,0.13451004260499086,1643,0.0,0.0,2014-03-13 14:59:01
0.18305882352941177,0.0,2014-03-13 15:01:01,0.07152941176470588,0.047058823529411764,0.0,0.0,0.5510588235294117,0.06588235294117648,0.08141176470588235,2125,0.0,0.0,2014-03-13 15:00:01
0.11033460398136383,0.0,2014-03-13 15:02:01,0.023295213892418468,0.0529436679373147,0.0,0.0,0.49957645065650147,0.22935196950444728,0.08449809402795426,4722,0.0,0.0,2014-03-13 15:01:01
0.16599394550958627,0.0,2014-03-13 15:03:01,0.10090817356205853,0.050454086781029264,0.050454086781029264,0.0,0.2875882946518668,0.2941473259334006,0.050454086781029264,1982,0.0,0.0,2014-03-13 15:02:01
0.03538135593220339,0.0,2014-03-13 15:04:01,0.1271186440677966,0.0014830508474576272,0.0211864406779661,0.04152542372881356,0.38601694915254237,0.34279661016949153,0.04449152542372881,4720,0.0,0.0,2014-03-13 15:03:01
0.18932222642938282,0.0,2014-03-13 15:05:01,0.22718667171525936,0.040136312003029154,0.03786444528587656,0.0003786444528587656,0.4293828095418402,0.03786444528587656,0.03786444528587656,2641,0.0,0.0,2014-03-13 15:04:01
0.07088846880907372,0.0,2014-03-13 15:06:01,0.0004725897920604915,0.0,0.0,0.023629489603024575,0.3544423440453686,0.40879017013232516,0.14177693761814744,4232,0.0,0.0,2014-03-13 15:05:01
0.17937716262975778,0.0,2014-03-13 15:07:01,0.044567474048442905,0.08941176470588236,0.0,0.02768166089965398,0.21536332179930795,0.40207612456747405,0.04152249134948097,7225,0.0,0.0,2014-03-13 15:06:01
0.11061946902654868,0.0,2014-03-13 15:08:01,0.2234513274336283,0.33185840707964603,0.0,0.11061946902654868,0.2234513274336283,0.0,0.0,904,0.0,0.0,2014-03-13 15:07:01
0.32935231970601747,0.0,2014-03-13 15:09:01,0.02572347266881029,0.047619047619047616,0.0,0.0006124636349716736,0.15969989281886388,0.25708161077936,0.1799111927729291,6531,0.0,0.0,2014-03-13 15:08:01
0.19305019305019305,0.0,2014-03-13 15:10:01,0.0,0.00024131274131274132,0.0,0.015926640926640926,0.4519787644787645,0.15974903474903476,0.17905405405405406,4144,0.0,0.0,2014-03-13 15:09:01
0.030303030303030304,0.0,2014-03-13 15:11:01,0.1331168831168831,0.07936507936507936,0.0,0.03607503607503607,0.45021645021645024,0.1626984126984127,0.07215007215007214,2772,0.03607503607503607,0.0,2014-03-13 15:10:01
0.20039920159680638,0.0,2014-03-13 15:12:01,0.06706586826347305,0.043512974051896205,0.03992015968063872,0.07984031936127745,0.38083832335329343,0.17165668662674652,0.016766467065868262,2505,0.0,0.0,2014-03-13 15:11:01
0.08999176276771005,0.0,2014-03-13 15:13:01,0.0,0.0043245469522240525,0.04118616144975288,0.0,0.5047364085667215,0.16392092257001648,0.19584019769357497,4856,0.0,0.0,2014-03-13 15:12:01
0.15132066156504567,0.0,2014-03-13 15:14:01,0.03135028388052333,0.0032090841767464825,0.0,0.03826215749197729,0.5309800049370526,0.17106887188348555,0.0738089360651691,4051,0.0,0.0,2014-03-13 15:13:01
0.10970927043335162,0.0,2014-03-13 15:15:01,0.0,0.0,0.0,0.16456390565002743,0.6697750959956116,0.055951727921009324,0.0,1823,0.0,0.0,2014-03-13 15:14:01
0.1518607442977191,0.0,2014-03-13 15:16:01,0.12004801920768307,0.060024009603841535,0.0,0.060024009603841535,0.5720288115246098,0.03601440576230492,0.0,1666,0.0,0.0,2014-03-13 15:15:01
0.03731923495568341,0.0,2014-03-13 15:17:01,0.0,0.03109936246306951,0.0,0.0,0.3119266055045872,0.4369460426061266,0.18270875447053336,6431,0.0,0.0,2014-03-13 15:16:01
0.04027504911591356,0.0,2014-03-13 15:18:01,0.0183366077275704,0.0,0.06548788474132286,0.0,0.6552062868369352,0.21218074656188604,0.008513425016371971,3054,0.0,0.0,2014-03-13 15:17:01
0.1071813009380286,0.0,2014-03-13 15:19:01,0.01537751806858373,0.04613255420575119,0.0,0.04843918191603875,0.29832385053052435,0.28248500691988315,0.2020605874211902,6503,0.0,0.0,2014-03-13 15:18:01
0.1296153846153846,0.0,2014-03-13 15:20:01,0.0,0.02758241758241758,0.0,0.02197802197802198,0.23054945054945056,0.4296153846153846,0.16065934065934065,18200,0.0,0.0,2014-03-13 15:19:01
0.13130914826498422,0.0,2014-03-13 15:21:01,0.07886435331230283,0.09739747634069401,0.0,0.0,0.41798107255520506,0.19558359621451105,0.07886435331230283,2536,0.0,0.0,2014-03-13 15:20:01
0.12673322240709928,0.0,2014-03-13 15:22:01,0.08319467554076539,0.0027731558513588465,0.0,0.029395452024403773,0.3488630061009429,0.33416528008874097,0.05546311702717693,3606,0.019412090959511925,0.0,2014-03-13 15:21:01
0.07938625750500333,0.0,2014-03-13 15:23:01,0.02690682677340449,0.0,0.0,0.044474093840338,0.35712697353791417,0.4549699799866578,0.014898821436513231,4497,0.022237046920169,0.0,2014-03-13 15:22:01
0.06603587620737236,0.0,2014-03-13 15:24:01,0.0,0.0027597082594125765,0.0,0.0,0.4949733885274985,0.3250542085550956,0.11117681845062094,5073,0.0,0.0,2014-03-13 15:23:01
0.0324572741634353,0.0,2014-03-13 15:25:01,0.014361625736033319,0.029584949016228636,0.0,0.0,0.608214849921011,0.22231796639379578,0.09119632342381158,6963,0.0018670113456843314,0.0,2014-03-13 15:24:01
0.0,0.0,2014-03-13 15:26:01,0.08496176720475786,0.002548853016142736,0.0,0.0,0.578589634664401,0.1826677994902294,0.15123194562446898,1177,0.0,0.0,2014-03-13 15:25:01
0.1044776119402985,0.0,2014-03-13 15:27:01,0.04124116260801257,0.0,0.0,0.01335428122545169,0.5017674783974863,0.2953652788688138,0.043794186959937156,5092,0.0,0.0,2014-03-13 15:26:01
0.26520681265206814,0.0,2014-03-13 15:28:01,0.09813463098134631,0.008110300081103,0.0,0.0,0.42903487429034876,0.11841038118410381,0.08110300081103,1233,0.0,0.0,2014-03-13 15:27:01
0.18327224258580474,0.0,2014-03-13 15:29:01,0.003332222592469177,0.0,0.0,0.006664445184938354,0.323892035988004,0.23958680439853383,0.20993002332555816,3001,0.03332222592469177,0.0,2014-03-13 15:28:01
0.02834008097165992,0.0,2014-03-13 15:30:01,0.0,0.19190283400809716,0.0,0.0,0.5255060728744939,0.1700404858299595,0.08421052631578947,1235,0.0,0.0,2014-03-13 15:29:01
0.05101275318829707,0.0,2014-03-13 15:31:01,0.007689422355588897,0.024756189047261814,0.0,0.03788447111777944,0.5262565641410353,0.18417104276069018,0.14009752438109527,5332,0.028132033008252063,0.0,2014-03-13 15:30:01
0.03694267515923567,0.0,2014-03-13 15:32:01,0.12738853503184713,0.25477707006369427,0.0,0.12738853503184713,0.2840764331210191,0.025477707006369428,0.14394904458598726,785,0.0,0.0,2014-03-13 15:31:01
0.06650355871886121,0.0,2014-03-13 15:33:01,0.0,0.04448398576512456,0.0,0.0,0.47419928825622776,0.3536476868327402,0.05004448398576512,4496,0.01112099644128114,0.0,2014-03-13 15:32:01
0.04803073967339097,0.0,2014-03-13 15:34:01,0.1344860710854947,0.09606147934678194,0.0,0.0004803073967339097,0.5965417867435159,0.12007684918347743,0.004322766570605188,2082,0.0,0.0,2014-03-13 15:33:01
0.03735224586288416,0.0,2014-03-13 15:35:01,0.027423167848699765,0.07328605200945626,0.0,0.0,0.3607565011820331,0.16926713947990543,0.33191489361702126,4230,0.0,0.0,2014-03-13 15:34:01
0.09781440343962737,0.0,2014-03-13 15:36:01,0.07165890361877464,0.0,0.0,0.0,0.5947689000358295,0.18523826585453243,0.04657828735220351,2791,0.003941239699032604,0.0,2014-03-13 15:35:01
0.15399385560675882,0.0,2014-03-13 15:37:01,0.065284178187404,0.055683563748079874,0.0,0.059907834101382486,0.5280337941628265,0.13709677419354838,0.0,2604,0.0,0.0,2014-03-13 15:36:01
0.07514166050751417,0.0,2014-03-13 15:38:01,0.0,0.07538802660753881,0.0,0.0004927322000492732,0.43237250554323725,0.19241192411924118,0.22419315102241932,4059,0.0,0.0,2014-03-13 15:37:01
0.1124031007751938,0.0,2014-03-13 15:39:01,0.03914728682170543,0.020348837209302327,0.0,0.01937984496124031,0.4972868217054264,0.2056201550387597,0.1058139534883721,5160,0.0,0.0,2014-03-13 15:38:01
0.058343057176196034,0.0,2014-03-13 15:40:01,0.005250875145857643,0.024795799299883313,0.0,0.0,0.396732788798133,0.21995332555425903,0.29492415402567096,3428,0.0,0.0,2014-03-13 15:39:01
0.13963649073750437,0.0,2014-03-13 15:41:01,0.021495980426424328,0.01660258650821391,0.0,0.0,0.276301992310381,0.13841314225795176,0.40754980775952465,5722,0.0,0.0,2014-03-13 15:40:01
0.10398613518197573,0.0,2014-03-13 15:42:01,0.05224065362713543,0.07724684327803912,0.0,0.0,0.3379549393414211,0.14285714285714285,0.2857142857142857,4039,0.0,0.0,2014-03-13 15:41:01
0.04983865184653998,0.0,2014-03-13 15:43:01,0.012190749372534958,0.029042667622803872,0.0,0.035855145213338116,0.5478666188598064,0.2707063463607028,0.05449982072427393,2789,0.0,0.0,2014-03-13 15:42:01
0.0,0.0,2014-03-13 15:44:01,0.001575299306868305,0.1575299306868305,0.0,0.0,0.3484562066792691,0.29111531190926276,0.20132325141776938,3174,0.0,0.0,2014-03-13 15:43:01
0.152920011071132,0.0,2014-03-13 15:45:01,0.053003044561306396,0.04954331580404096,0.0,0.013838915029061722,0.43122059230556326,0.2113202324937725,0.08815388873512317,7226,0.0,0.0,2014-03-13 15:44:01
0.007517619420516836,0.0,2014-03-13 15:46:01,0.06577916992952232,0.1284259984338293,0.0,0.031323414252153486,0.4186374314800313,0.18480814408770557,0.1635082223962412,6385,0.0,0.0,2014-03-13 15:45:01
0.04854368932038835,0.0,2014-03-13 15:47:01,0.06420294393986846,0.0,0.0,0.03131850923896023,0.5142499217037269,0.09113686188537426,0.2505480739116818,3193,0.0,0.0,2014-03-13 15:46:01
0.13304455445544555,0.0,2014-03-13 15:48:01,0.15686881188118812,0.1036509900990099,0.0,0.0,0.3149752475247525,0.24659653465346534,0.04486386138613861,3232,0.0,0.0,2014-03-13 15:47:01
0.03932993445010925,0.0,2014-03-13 15:49:01,0.07914542364651614,0.05268268997329449,0.0,0.01820830298616169,0.5409079873755765,0.07234765719834911,0.17188638018936636,4119,0.025491624180626365,0.0,2014-03-13 15:48:01
0.07628524046434494,0.0,2014-03-13 15:50:01,0.026652452025586353,0.015873015873015872,0.0,0.048448235015399195,0.615257048092869,0.1195214404169628,0.09796256811182184,8442,0.0,0.0,2014-03-13 15:49:01
0.15786068578822515,0.0,2014-03-13 15:51:01,0.03493638128100065,0.010567177054129826,0.0,0.03213284451153763,0.4188052620228596,0.19624757386241104,0.1494500754798361,4637,0.0,0.0,2014-03-13 15:50:01
0.04355783308931186,0.0,2014-03-13 15:52:01,0.036603221083455345,0.11017569546120058,0.0,0.018301610541727673,0.43887262079062955,0.23938506588579794,0.11310395314787701,2732,0.0,0.0,2014-03-13 15:51:01
0.07313997477931904,0.0,2014-03-13 15:53:01,0.05604595768530195,0.08406893652795293,0.0,0.014011489421325487,0.39288216337396664,0.1700994815748914,0.19574050721591704,7137,0.014011489421325487,0.0,2014-03-13 15:52:01
0.1494394102288435,0.0,2014-03-13 15:54:01,0.12087236983566273,0.04699738903394256,0.0,0.0004607587160190447,0.39010904622945786,0.19413300568269082,0.0979880202733835,6511,0.0,0.0,2014-03-13 15:53:01
0.020649602064960207,0.0,2014-03-13 15:55:01,0.07162830716283071,0.04538610453861045,0.0,0.0,0.5766831576683158,0.15938911593891159,0.12626371262637126,4649,0.0,0.0,2014-03-13 15:54:01
0.04271896829661472,0.0,2014-03-13 15:56:01,0.1175443310048361,0.036405158516926384,0.0,0.013433637829124127,0.300107469102633,0.4345781837721655,0.05521225147770016,7444,0.0,0.0,2014-03-13 15:55:01
0.0777373093557933,0.0,2014-03-13 15:57:01,0.049738219895287955,0.04359207830639654,0.0,0.04552697473252902,0.5268609150921921,0.14397905759162305,0.112565445026178,8786,0.0,0.0,2014-03-13 15:56:01
0.0240128068303095,0.0,2014-03-13 15:58:01,0.05269477054429029,0.00400213447171825,0.0,0.0,0.36672892209178226,0.4859925293489861,0.06656883671291355,7496,0.0,0.0,2014-03-13 15:57:01
0.035629453681710214,0.0,2014-03-13 15:59:01,0.07096199524940618,0.015959026128266034,0.0,0.021229216152019004,0.6290825415676959,0.16114904988123516,0.06598871733966746,13472,0.0,0.0,2014-03-13 15:58:01
0.019974904195069015,0.0,2014-03-13 16:00:01,0.07247261505070031,0.015532268457286261,0.0,0.019398378946654457,0.45562451249703256,0.34560992979957267,0.06460474107233696,29487,0.006782649981347712,0.0,2014-03-13 15:59:01
