TimeInterval,TradeCount,Volume,Direct Edge X,NASDAQ OMX PSX,NYSE Arca SM,BATS,NYSE MKT,NASDAQ OMX BX,BATS Y,NASDAQ OMX,Direct Edge A
2014-03-13 09:30:08,36,67374,0,0,400,17266,48008,0,0,1700,0
2014-03-13 09:30:11,2,47,0,0,0,47,0,0,0,0,0
2014-03-13 09:30:12,2,100,0,0,0,100,0,0,0,0,0
2014-03-13 09:30:15,2,615,0,0,0,615,0,0,0,0,0
2014-03-13 09:30:52,1,62,0,0,0,0,0,0,0,0,62
2014-03-13 09:31:21,2,1100,100,0,0,0,0,0,0,1000,0
2014-03-13 09:31:23,1,85,0,0,0,0,0,0,0,85,0
2014-03-13 09:31:42,1,15,0,0,0,0,0,0,0,15,0
2014-03-13 09:32:08,1,100,0,0,0,100,0,0,0,0,0
2014-03-13 09:32:10,1,1200,0,0,0,0,0,0,0,1200,0
2014-03-13 09:32:34,1,600,0,0,0,0,600,0,0,0,0
2014-03-13 09:32:45,10,900,60,0,0,0,840,0,0,0,0
2014-03-13 09:33:14,2,700,0,0,0,0,600,0,100,0,0
2014-03-13 09:33:15,7,1500,1062,0,0,0,438,0,0,0,0
2014-03-13 09:33:19,1,250,250,0,0,0,0,0,0,0,0
2014-03-13 09:33:54,1,100,0,0,0,0,0,0,0,100,0
2014-03-13 09:33:57,1,300,0,0,300,0,0,0,0,0,0
2014-03-13 09:34:02,1,224,224,0,0,0,0,0,0,0,0
2014-03-13 09:34:29,2,100,0,0,0,0,100,0,0,0,0
2014-03-13 09:34:36,10,3200,900,0,100,0,1800,0,0,400,0
2014-03-13 09:34:38,4,1150,0,0,0,0,0,0,0,1150,0
2014-03-13 09:34:41,2,1375,0,0,0,0,0,0,0,1375,0
2014-03-13 09:34:58,1,100,0,0,0,0,0,0,0,100,0
2014-03-13 09:35:00,4,1020,0,0,20,0,0,0,0,1000,0
2014-03-13 09:35:01,2,100,0,0,0,0,100,0,0,0,0
2014-03-13 09:35:15,5,1100,0,0,0,500,600,0,0,0,0
2014-03-13 09:35:34,17,1300,0,0,0,0,0,0,300,1000,0
2014-03-13 09:35:36,3,700,0,0,0,0,0,0,0,700,0
2014-03-13 09:35:37,1,400,0,0,0,0,0,400,0,0,0
2014-03-13 09:35:44,2,200,0,0,0,0,0,0,0,200,0
2014-03-13 09:36:02,2,170,0,0,0,0,70,0,100,0,0
2014-03-13 09:36:03,2,200,0,0,0,0,0,0,0,200,0
2014-03-13 09:36:04,6,500,0,0,0,0,30,0,0,470,0
2014-03-13 09:37:08,2,200,0,0,0,200,0,0,0,0,0
2014-03-13 09:37:37,4,600,0,0,0,0,370,0,0,230,0
2014-03-13 09:37:57,18,5646,3826,0,0,0,1000,0,0,820,0
2014-03-13 09:38:14,2,500,0,0,0,0,0,0,0,500,0
2014-03-13 09:38:21,2,600,0,0,200,0,400,0,0,0,0
2014-03-13 09:38:25,4,1550,1350,0,0,0,0,0,0,200,0
2014-03-13 09:38:31,1,500,0,0,0,0,0,0,0,500,0
2014-03-13 09:38:36,45,34243,4805,100,1400,900,14957,343,200,11538,0
2014-03-13 09:38:45,4,500,0,0,0,0,0,0,100,256,144
2014-03-13 09:38:48,1,100,100,0,0,0,0,0,0,0,0
2014-03-13 09:38:49,5,1044,700,0,0,0,100,0,0,244,0
2014-03-13 09:39:00,3,300,0,0,0,0,0,0,0,300,0
2014-03-13 09:39:03,18,2200,200,0,0,0,100,0,0,1900,0
2014-03-13 09:39:06,1,100,0,0,0,0,100,0,0,0,0
2014-03-13 09:39:25,10,1800,0,0,0,100,200,100,0,1400,0
2014-03-13 09:40:08,1,100,0,0,0,0,100,0,0,0,0
2014-03-13 09:40:11,1,100,0,0,0,0,100,0,0,0,0
2014-03-13 09:40:15,4,356,100,0,100,0,0,0,0,156,0
2014-03-13 09:40:16,1,44,0,0,0,0,0,0,0,44,0
2014-03-13 09:40:24,2,400,0,0,0,0,0,0,0,400,0
2014-03-13 09:40:25,28,3100,0,0,0,100,500,0,0,2500,0
2014-03-13 09:40:28,1,100,0,0,0,0,100,0,0,0,0
2014-03-13 09:40:34,10,1200,0,0,100,0,300,0,0,800,0
2014-03-13 09:40:52,5,900,0,0,100,500,300,0,0,0,0
2014-03-13 09:41:00,6,600,0,0,0,0,100,0,0,500,0
2014-03-13 09:41:04,4,400,0,0,0,0,100,0,0,300,0
2014-03-13 09:41:07,1,21,0,0,0,0,21,0,0,0,0
2014-03-13 09:41:32,1,1000,0,0,0,0,0,0,1000,0,0
2014-03-13 09:41:51,1,100,0,0,0,0,100,0,0,0,0
2014-03-13 09:42:51,6,1000,0,0,0,0,0,500,100,400,0
2014-03-13 09:42:54,5,300,0,0,0,50,100,0,0,150,0
2014-03-13 09:43:28,1,100,100,0,0,0,0,0,0,0,0
2014-03-13 09:43:38,6,1300,1000,0,0,0,200,0,0,100,0
2014-03-13 09:43:39,5,1179,450,0,0,450,279,0,0,0,0
2014-03-13 09:43:40,1,100,0,0,0,0,0,0,0,100,0
2014-03-13 09:43:42,1,71,0,0,0,71,0,0,0,0,0
2014-03-13 09:43:54,15,1500,150,0,0,0,200,0,0,1150,0
2014-03-13 09:43:55,2,200,0,0,0,0,100,0,0,100,0
2014-03-13 09:44:21,5,414,0,0,0,214,0,0,0,200,0
2014-03-13 09:44:24,1,30,0,0,0,0,0,0,0,30,0
2014-03-13 09:45:12,1,100,0,0,0,0,0,0,100,0,0
2014-03-13 09:45:17,12,1901,585,0,0,315,0,0,0,1001,0
2014-03-13 09:45:21,2,853,853,0,0,0,0,0,0,0,0
2014-03-13 09:45:22,1,62,0,0,0,0,62,0,0,0,0
2014-03-13 09:45:26,1,400,400,0,0,0,0,0,0,0,0
2014-03-13 09:45:51,9,900,600,0,0,0,0,0,0,300,0
2014-03-13 09:46:01,2,200,0,0,0,0,100,0,100,0,0
2014-03-13 09:46:02,1,50,0,0,0,0,0,0,50,0,0
2014-03-13 09:46:14,2,110,0,0,0,0,0,0,0,110,0
2014-03-13 09:46:16,1,100,0,0,0,0,100,0,0,0,0
2014-03-13 09:46:17,3,2100,2000,0,0,0,100,0,0,0,0
2014-03-13 09:46:25,6,2150,0,0,950,0,100,0,0,1100,0
2014-03-13 09:46:26,2,250,0,0,50,0,200,0,0,0,0
2014-03-13 09:46:32,2,500,200,0,300,0,0,0,0,0,0
2014-03-13 09:46:33,2,200,0,0,0,0,0,200,0,0,0
2014-03-13 09:47:01,16,1600,0,0,0,0,100,200,0,1300,0
2014-03-13 09:47:02,1,100,0,0,100,0,0,0,0,0,0
2014-03-13 09:47:05,1,100,0,0,0,0,100,0,0,0,0
2014-03-13 09:48:02,20,2400,400,0,0,0,300,100,100,1450,50
2014-03-13 09:48:03,6,750,0,0,200,0,0,0,0,550,0
2014-03-13 09:48:36,1,100,0,0,0,0,0,0,100,0,0
2014-03-13 09:49:12,3,400,0,0,0,0,100,200,0,100,0
2014-03-13 09:49:21,5,450,350,0,0,0,0,0,0,100,0
2014-03-13 09:49:23,2,300,0,0,0,0,0,0,0,0,300
2014-03-13 09:50:14,24,3600,750,0,450,0,100,0,200,2100,0
2014-03-13 09:51:00,1,4,0,0,0,4,0,0,0,0,0
2014-03-13 09:51:15,4,307,100,0,0,5,202,0,0,0,0
2014-03-13 09:52:07,4,241,141,0,0,0,0,0,0,100,0
2014-03-13 09:52:17,3,600,159,0,441,0,0,0,0,0,0
2014-03-13 09:52:22,4,500,0,0,0,0,100,0,200,100,100
2014-03-13 09:52:28,5,600,0,0,0,0,200,0,0,400,0
2014-03-13 09:53:02,26,2254,400,0,600,204,0,100,100,750,100
2014-03-13 09:53:04,6,118,0,0,0,118,0,0,0,0,0
2014-03-13 09:53:05,3,7,0,0,0,7,0,0,0,0,0
2014-03-13 09:53:12,1,4,0,0,0,4,0,0,0,0,0
2014-03-13 09:53:13,7,21,0,0,0,21,0,0,0,0,0
2014-03-13 09:53:14,8,18,0,0,0,18,0,0,0,0,0
2014-03-13 09:53:15,5,12,0,0,0,12,0,0,0,0,0
2014-03-13 09:53:23,7,19,0,0,0,19,0,0,0,0,0
2014-03-13 09:53:24,6,20,0,0,0,20,0,0,0,0,0
2014-03-13 09:53:25,7,17,0,0,0,17,0,0,0,0,0
2014-03-13 09:53:26,7,20,0,0,0,20,0,0,0,0,0
2014-03-13 09:53:27,1,1,0,0,0,1,0,0,0,0,0
2014-03-13 09:53:34,7,14,0,0,0,14,0,0,0,0,0
2014-03-13 09:53:35,6,13,0,0,0,13,0,0,0,0,0
2014-03-13 09:53:36,7,18,0,0,0,18,0,0,0,0,0
2014-03-13 09:53:37,7,14,0,0,0,14,0,0,0,0,0
2014-03-13 09:53:38,6,15,0,0,0,15,0,0,0,0,0
2014-03-13 09:53:39,7,17,0,0,0,17,0,0,0,0,0
2014-03-13 09:53:40,6,13,0,0,0,13,0,0,0,0,0
2014-03-13 09:53:41,7,16,0,0,0,16,0,0,0,0,0
2014-03-13 09:53:42,7,17,0,0,0,17,0,0,0,0,0
2014-03-13 09:53:43,6,11,0,0,0,11,0,0,0,0,0
2014-03-13 09:53:44,8,310,100,0,0,110,100,0,0,0,0
2014-03-13 09:54:37,1,100,0,0,0,0,100,0,0,0,0
2014-03-13 09:55:04,1,100,0,0,0,0,0,0,0,100,0
2014-03-13 09:55:31,1,100,0,0,0,0,0,0,0,100,0
2014-03-13 09:55:47,7,406,0,0,0,206,0,0,0,100,100
2014-03-13 09:55:48,6,14,0,0,0,14,0,0,0,0,0
2014-03-13 09:55:49,8,117,0,0,0,17,0,100,0,0,0
2014-03-13 09:55:50,7,17,0,0,0,17,0,0,0,0,0
2014-03-13 09:55:51,6,15,0,0,0,15,0,0,0,0,0
2014-03-13 09:55:52,7,19,0,0,0,19,0,0,0,0,0
2014-03-13 09:55:53,7,18,0,0,0,18,0,0,0,0,0
2014-03-13 09:55:54,6,17,0,0,0,17,0,0,0,0,0
2014-03-13 09:55:55,7,17,0,0,0,17,0,0,0,0,0
2014-03-13 09:55:56,6,15,0,0,0,15,0,0,0,0,0
2014-03-13 09:55:57,7,18,0,0,0,18,0,0,0,0,0
2014-03-13 09:55:58,7,15,0,0,0,15,0,0,0,0,0
2014-03-13 09:55:59,6,19,0,0,0,19,0,0,0,0,0
2014-03-13 09:56:00,7,114,0,0,0,14,0,0,0,100,0
2014-03-13 09:56:01,1,2,0,0,0,2,0,0,0,0,0
2014-03-13 09:56:03,5,304,0,0,0,4,0,0,0,300,0
2014-03-13 09:56:21,12,712,0,0,0,212,0,0,0,500,0
2014-03-13 09:56:29,9,729,10,0,0,102,0,100,0,417,100
2014-03-13 09:57:24,1,100,0,0,0,0,0,0,0,0,100
2014-03-13 09:57:49,2,202,0,0,100,0,0,0,102,0,0
2014-03-13 09:58:10,19,1653,300,0,0,101,0,0,0,1152,100
2014-03-13 09:58:18,1,2,0,0,0,2,0,0,0,0,0
2014-03-13 09:58:19,3,153,0,0,0,104,0,0,0,49,0
2014-03-13 09:58:29,4,252,0,0,0,1,0,0,0,251,0
2014-03-13 09:58:46,2,200,0,0,100,0,0,0,0,100,0
2014-03-13 09:59:14,1,100,0,0,0,0,0,0,0,100,0
2014-03-13 09:59:18,5,500,300,0,0,0,0,0,0,200,0
2014-03-13 09:59:24,1,100,0,0,0,0,0,0,0,0,100
2014-03-13 09:59:34,2,200,0,0,0,0,0,0,0,200,0
2014-03-13 09:59:40,1,87,0,0,0,0,0,0,87,0,0
2014-03-13 09:59:43,1,100,0,0,0,0,0,0,0,100,0
2014-03-13 10:00:10,1,100,0,0,0,0,0,0,0,100,0
2014-03-13 10:00:35,9,1000,300,0,300,0,0,0,0,400,0
2014-03-13 10:00:38,2,100,0,0,0,1,99,0,0,0,0
2014-03-13 10:00:53,6,700,200,0,200,0,100,0,0,100,100
2014-03-13 10:00:54,4,300,0,0,100,200,0,0,0,0,0
2014-03-13 10:01:02,2,30,0,0,0,0,0,0,0,30,0
2014-03-13 10:01:32,1,100,0,0,0,0,0,100,0,0,0
2014-03-13 10:01:38,4,300,0,0,100,100,0,0,0,100,0
2014-03-13 10:02:06,1,71,0,0,0,0,0,0,0,71,0
2014-03-13 10:02:08,3,200,0,0,0,0,0,0,0,200,0
2014-03-13 10:02:11,8,809,100,0,5,104,100,0,0,500,0
2014-03-13 10:02:16,1,4,0,0,0,4,0,0,0,0,0
2014-03-13 10:02:39,2,100,0,0,99,1,0,0,0,0,0
2014-03-13 10:02:44,11,1725,1520,0,51,154,0,0,0,0,0
2014-03-13 10:02:47,2,100,0,0,50,50,0,0,0,0,0
2014-03-13 10:02:59,19,1214,0,0,150,964,0,0,0,0,100
2014-03-13 10:03:08,1,4,0,0,0,4,0,0,0,0,0
2014-03-13 10:03:18,5,308,0,0,100,108,0,0,0,100,0
2014-03-13 10:03:21,5,300,0,0,0,245,0,0,55,0,0
2014-03-13 10:03:36,3,141,0,0,0,0,0,0,141,0,0
2014-03-13 10:03:37,5,459,100,0,200,0,59,0,100,0,0
2014-03-13 10:03:40,2,200,0,0,0,0,0,0,0,200,0
2014-03-13 10:03:44,2,103,0,0,0,3,0,0,0,100,0
2014-03-13 10:03:52,1,100,0,0,0,0,0,0,0,100,0
2014-03-13 10:04:12,20,1863,500,0,0,107,100,100,0,1056,0
2014-03-13 10:04:13,3,300,0,0,0,0,0,0,0,300,0
2014-03-13 10:04:18,3,201,0,0,200,1,0,0,0,0,0
2014-03-13 10:04:23,2,161,0,0,0,1,0,0,160,0,0
2014-03-13 10:04:31,3,202,100,0,0,2,0,0,0,100,0
2014-03-13 10:04:32,1,100,0,0,100,0,0,0,0,0,0
2014-03-13 10:04:38,8,602,200,0,0,2,0,0,0,400,0
2014-03-13 10:04:40,2,101,0,0,0,1,0,0,0,100,0
2014-03-13 10:04:45,4,400,200,0,0,0,0,0,0,200,0
2014-03-13 10:04:46,1,900,900,0,0,0,0,0,0,0,0
2014-03-13 10:04:47,7,801,200,0,100,1,0,0,100,400,0
2014-03-13 10:05:27,15,1018,0,0,0,106,200,0,100,459,153
2014-03-13 10:06:07,1,2,0,0,0,2,0,0,0,0,0
2014-03-13 10:06:09,2,44,0,0,0,4,0,0,40,0,0
2014-03-13 10:06:46,1,9,0,0,0,0,0,0,0,0,9
2014-03-13 10:07:07,1,11,0,0,0,0,0,0,0,11,0
2014-03-13 10:07:49,5,288,0,0,0,1,187,0,0,100,0
2014-03-13 10:07:50,1,4,0,0,0,4,0,0,0,0,0
2014-03-13 10:07:55,1,100,0,0,0,0,0,0,0,100,0
2014-03-13 10:08:26,1,100,0,0,0,0,0,0,0,0,100
2014-03-13 10:08:32,7,127,100,0,0,10,17,0,0,0,0
2014-03-13 10:08:33,2,6,0,0,0,6,0,0,0,0,0
2014-03-13 10:08:41,18,3897,2713,0,300,27,100,0,0,657,100
2014-03-13 10:08:42,1,1,0,0,0,1,0,0,0,0,0
2014-03-13 10:08:43,5,479,0,0,0,3,0,0,0,476,0
2014-03-13 10:08:45,1,100,0,0,100,0,0,0,0,0,0
2014-03-13 10:09:06,1,3,0,0,0,3,0,0,0,0,0
2014-03-13 10:09:07,1,21,0,0,0,0,0,0,0,21,0
2014-03-13 10:09:10,1,100,0,0,100,0,0,0,0,0,0
2014-03-13 10:09:12,12,1897,100,0,1231,0,100,0,182,284,0
2014-03-13 10:09:33,6,402,0,0,0,0,0,0,100,302,0
2014-03-13 10:09:41,7,515,115,0,0,91,0,100,100,100,9
2014-03-13 10:09:54,2,102,0,0,0,2,0,0,0,0,100
2014-03-13 10:10:00,1,100,0,0,0,0,100,0,0,0,0
2014-03-13 10:10:08,1,2,0,0,0,2,0,0,0,0,0
2014-03-13 10:10:14,1,2,0,0,0,2,0,0,0,0,0
2014-03-13 10:10:24,1,1,0,0,0,1,0,0,0,0,0
2014-03-13 10:10:25,3,420,0,0,0,220,100,0,100,0,0
2014-03-13 10:10:45,3,500,420,0,0,80,0,0,0,0,0
2014-03-13 10:10:51,7,800,0,0,0,0,200,0,300,300,0
2014-03-13 10:10:55,5,4380,4080,0,0,0,0,0,0,200,100
2014-03-13 10:10:56,2,213,0,0,0,0,213,0,0,0,0
2014-03-13 10:11:14,5,487,0,0,0,0,287,0,0,0,200
2014-03-13 10:11:49,1,37,0,0,0,37,0,0,0,0,0
2014-03-13 10:12:05,2,200,0,0,0,0,0,0,200,0,0
2014-03-13 10:12:10,1,100,0,0,100,0,0,0,0,0,0
2014-03-13 10:12:14,3,700,0,0,600,0,0,0,0,0,100
2014-03-13 10:12:40,1,400,0,0,400,0,0,0,0,0,0
2014-03-13 10:12:49,2,200,0,0,0,0,0,0,200,0,0
2014-03-13 10:12:59,3,300,0,0,100,100,0,0,0,100,0
2014-03-13 10:13:44,2,400,0,0,400,0,0,0,0,0,0
2014-03-13 10:14:20,1,13,0,0,0,0,13,0,0,0,0
2014-03-13 10:14:53,2,300,0,0,200,0,100,0,0,0,0
2014-03-13 10:15:07,1,21,21,0,0,0,0,0,0,0,0
2014-03-13 10:15:08,4,500,0,0,100,0,0,0,300,100,0
2014-03-13 10:15:45,3,350,0,0,350,0,0,0,0,0,0
2014-03-13 10:15:56,1,100,0,0,0,0,0,0,0,0,100
2014-03-13 10:16:01,4,400,0,0,0,300,0,0,0,100,0
2014-03-13 10:16:23,5,502,0,0,0,2,0,0,200,300,0
2014-03-13 10:16:28,17,1886,279,0,700,107,0,0,100,700,0
2014-03-13 10:16:29,1,100,0,0,0,0,0,0,0,0,100
2014-03-13 10:17:36,10,607,201,0,0,306,0,0,0,100,0
2014-03-13 10:17:45,1,50,0,0,0,0,0,0,0,50,0
2014-03-13 10:18:23,8,804,0,0,600,104,0,0,0,100,0
2014-03-13 10:18:32,7,505,0,0,0,5,0,0,0,400,100
2014-03-13 10:18:39,5,305,100,0,0,5,0,0,0,200,0
2014-03-13 10:19:46,6,325,0,0,113,102,0,0,0,0,110
2014-03-13 10:19:55,3,300,100,0,200,0,0,0,0,0,0
2014-03-13 10:19:57,5,402,0,0,0,102,0,0,0,200,100
2014-03-13 10:20:11,3,104,100,0,0,4,0,0,0,0,0
2014-03-13 10:20:44,7,974,0,0,0,2,100,0,0,772,100
2014-03-13 10:21:03,3,1500,1400,0,0,0,0,0,0,100,0
2014-03-13 10:21:23,3,600,0,0,100,0,400,0,0,100,0
2014-03-13 10:21:34,4,500,300,0,0,0,200,0,0,0,0
2014-03-13 10:21:39,3,250,0,0,0,0,0,0,0,250,0
2014-03-13 10:22:07,21,17305,10000,0,500,5,5200,0,0,1000,600
2014-03-13 10:22:13,1,200,0,0,0,0,0,0,0,200,0
2014-03-13 10:22:15,1,200,0,0,0,0,0,0,0,200,0
2014-03-13 10:22:18,2,300,100,0,0,0,0,0,0,200,0
2014-03-13 10:22:25,1,500,0,0,0,0,0,0,0,0,500
2014-03-13 10:22:26,4,405,0,0,0,0,200,0,0,200,5
2014-03-13 10:22:30,4,299,0,0,0,0,0,0,0,200,99
2014-03-13 10:23:18,1,100,0,0,100,0,0,0,0,0,0
2014-03-13 10:24:04,1,100,0,0,0,0,0,0,0,0,100
2014-03-13 10:24:19,1,300,300,0,0,0,0,0,0,0,0
2014-03-13 10:24:29,2,102,0,0,0,2,0,0,0,100,0
2014-03-13 10:24:32,3,400,0,0,0,0,100,0,0,300,0
2014-03-13 10:24:50,3,400,200,0,100,0,100,0,0,0,0
2014-03-13 10:24:58,1,100,100,0,0,0,0,0,0,0,0
2014-03-13 10:25:02,1,100,0,0,0,0,0,0,100,0,0
2014-03-13 10:25:07,4,600,100,0,0,0,0,0,300,200,0
2014-03-13 10:25:11,8,789,0,0,183,6,0,0,100,500,0
2014-03-13 10:25:39,3,200,0,0,100,100,0,0,0,0,0
2014-03-13 10:25:53,6,405,100,0,0,5,0,0,0,300,0
2014-03-13 10:25:54,3,300,0,0,100,0,0,0,0,200,0
2014-03-13 10:26:39,6,595,100,0,0,0,0,0,95,400,0
2014-03-13 10:26:43,1,100,0,0,100,0,0,0,0,0,0
2014-03-13 10:27:35,1,100,0,0,0,0,0,0,0,0,100
2014-03-13 10:28:00,4,700,100,0,0,0,0,0,0,600,0
2014-03-13 10:28:52,1,1,0,0,0,1,0,0,0,0,0
2014-03-13 10:29:15,11,1304,200,0,0,504,0,0,0,600,0
2014-03-13 10:30:00,5,413,0,0,113,0,0,0,0,200,100
2014-03-13 10:30:01,56,20241,1750,200,436,1505,1000,0,1233,13217,900
2014-03-13 10:30:06,5,501,200,0,0,1,200,0,0,100,0
2014-03-13 10:30:12,4,304,100,0,100,4,0,0,0,100,0
2014-03-13 10:30:57,2,200,0,0,0,0,0,0,0,100,100
2014-03-13 10:31:08,7,900,100,0,300,0,0,0,0,400,100
2014-03-13 10:31:20,6,485,0,0,200,85,0,0,0,200,0
2014-03-13 10:31:38,1,100,0,0,0,0,0,0,0,0,100
2014-03-13 10:31:40,2,200,0,0,0,0,0,0,0,0,200
2014-03-13 10:31:50,1,13,13,0,0,0,0,0,0,0,0
2014-03-13 10:31:55,1,100,0,0,0,0,0,0,0,0,100
2014-03-13 10:32:00,1,100,0,0,0,0,0,0,0,0,100
2014-03-13 10:32:20,9,444,0,0,142,302,0,0,0,0,0
2014-03-13 10:32:28,6,600,200,0,100,0,100,0,0,100,100
2014-03-13 10:32:57,2,200,0,0,0,0,100,0,0,0,100
2014-03-13 10:32:58,1,100,0,0,0,0,0,0,0,0,100
2014-03-13 10:33:00,1,100,0,0,0,100,0,0,0,0,0
2014-03-13 10:33:21,7,603,0,0,0,403,0,0,0,200,0
2014-03-13 10:33:57,5,390,300,0,0,3,0,0,0,0,87
2014-03-13 10:34:02,1,500,0,0,0,0,500,0,0,0,0
2014-03-13 10:34:11,2,43,0,0,0,3,0,0,0,40,0
2014-03-13 10:35:02,6,1300,0,0,900,0,100,0,0,300,0
2014-03-13 10:35:08,8,922,0,0,100,20,600,0,0,2,200
2014-03-13 10:35:20,1,100,0,0,0,0,0,0,100,0,0
2014-03-13 10:35:21,1,225,225,0,0,0,0,0,0,0,0
2014-03-13 10:35:30,5,307,0,0,100,7,0,0,0,200,0
2014-03-13 10:36:19,1,100,0,0,0,0,0,0,0,0,100
2014-03-13 10:36:33,2,200,0,0,0,100,0,0,0,100,0
2014-03-13 10:36:39,1,100,0,0,0,0,0,0,0,100,0
2014-03-13 10:36:59,2,103,0,0,0,3,0,0,0,0,100
2014-03-13 10:37:01,1,100,100,0,0,0,0,0,0,0,0
2014-03-13 10:37:12,5,679,0,0,0,0,0,0,200,66,413
2014-03-13 10:37:39,7,834,0,0,100,3,100,0,0,631,0
2014-03-13 10:38:07,5,400,125,0,100,0,0,0,0,175,0
2014-03-13 10:38:08,2,400,300,0,0,0,100,0,0,0,0
2014-03-13 10:38:32,4,500,0,0,0,0,200,0,0,200,100
2014-03-13 10:39:56,1,99,0,0,99,0,0,0,0,0,0
2014-03-13 10:41:15,7,677,100,0,0,2,0,0,0,575,0
2014-03-13 10:41:41,13,1414,100,0,0,14,0,0,0,800,500
2014-03-13 10:41:45,4,204,100,0,0,4,0,0,0,100,0
2014-03-13 10:41:49,1,100,0,0,0,100,0,0,0,0,0
2014-03-13 10:42:03,3,221,0,0,100,0,0,0,0,121,0
2014-03-13 10:43:00,7,502,0,0,0,2,0,0,0,300,200
2014-03-13 10:43:07,20,2693,300,0,0,3,1090,0,0,1200,100
2014-03-13 10:43:39,2,200,200,0,0,0,0,0,0,0,0
2014-03-13 10:44:09,1,50,0,0,0,0,50,0,0,0,0
2014-03-13 10:44:13,11,1101,0,0,100,0,0,0,0,901,100
2014-03-13 10:44:46,1,35,0,0,0,0,0,0,35,0,0
2014-03-13 10:44:55,3,214,0,0,0,0,0,0,0,114,100
2014-03-13 10:45:57,1,100,0,0,100,0,0,0,0,0,0
2014-03-13 10:46:00,2,101,0,0,0,101,0,0,0,0,0
2014-03-13 10:46:16,4,400,0,0,0,100,0,0,0,200,100
2014-03-13 10:49:16,7,555,100,0,200,8,47,0,0,200,0
2014-03-13 10:49:17,1,4,0,0,0,4,0,0,0,0,0
2014-03-13 10:49:20,1,3,0,0,0,3,0,0,0,0,0
2014-03-13 10:49:25,1,100,0,0,0,0,0,0,0,100,0
2014-03-13 10:49:42,3,300,0,0,100,0,0,0,0,200,0
2014-03-13 10:49:52,1,100,0,0,0,0,0,0,0,100,0
2014-03-13 10:50:16,1,300,0,0,0,0,300,0,0,0,0
2014-03-13 10:50:51,1,100,0,0,0,0,0,0,0,100,0
2014-03-13 10:51:22,6,600,0,0,200,100,0,0,0,300,0
2014-03-13 10:52:13,26,4904,0,0,600,604,200,0,0,3300,200
2014-03-13 10:52:14,4,400,0,0,100,0,0,0,0,300,0
2014-03-13 10:52:15,2,200,0,0,0,0,0,0,0,200,0
2014-03-13 10:52:16,1,100,0,0,0,0,0,0,0,0,100
2014-03-13 10:52:19,2,200,0,0,0,0,0,0,0,200,0
2014-03-13 10:52:21,1,1,0,0,0,1,0,0,0,0,0
2014-03-13 10:52:23,2,200,0,0,0,200,0,0,0,0,0
2014-03-13 10:52:31,2,100,0,0,0,100,0,0,0,0,0
2014-03-13 10:53:08,1,21,0,0,0,0,0,0,0,21,0
2014-03-13 10:53:09,1,100,0,0,0,0,0,0,0,100,0
2014-03-13 10:54:22,6,10079,0,0,0,0,100,0,0,9979,0
2014-03-13 10:54:23,14,1206,100,0,300,109,400,0,0,0,297
2014-03-13 10:54:25,1,96,0,0,0,0,0,0,0,96,0
2014-03-13 10:54:28,2,103,0,0,0,3,0,0,0,100,0
2014-03-13 10:55:03,8,1105,0,0,0,105,300,0,0,700,0
2014-03-13 10:55:04,10,27,0,0,0,27,0,0,0,0,0
2014-03-13 10:55:05,10,21,0,0,0,21,0,0,0,0,0
2014-03-13 10:55:06,13,2320,2000,0,0,20,0,0,0,300,0
2014-03-13 10:55:47,3,202,0,0,0,6,196,0,0,0,0
2014-03-13 10:56:15,19,2301,100,0,200,601,100,100,200,700,300
2014-03-13 10:56:22,3,205,0,0,0,5,0,0,0,200,0
2014-03-13 10:59:00,3,400,200,0,0,100,0,0,0,100,0
2014-03-13 11:00:36,1,3,0,0,0,3,0,0,0,0,0
2014-03-13 11:01:55,7,603,0,0,100,103,0,0,0,400,0
2014-03-13 11:04:00,6,501,100,0,100,1,0,0,0,300,0
2014-03-13 11:05:25,1,11,0,0,0,0,11,0,0,0,0
2014-03-13 11:06:51,14,2014,1000,0,200,514,200,0,0,100,0
2014-03-13 11:07:08,4,374,0,0,100,89,0,0,0,185,0
2014-03-13 11:07:11,4,1020,300,0,0,0,600,0,0,120,0
2014-03-13 11:07:31,1,2200,0,0,0,0,0,0,0,2200,0
2014-03-13 11:08:58,2,102,0,0,0,102,0,0,0,0,0
2014-03-13 11:09:32,1,100,0,0,0,0,0,0,0,100,0
2014-03-13 11:09:33,1,100,0,0,0,0,0,0,0,0,100
2014-03-13 11:09:36,2,200,0,0,0,0,0,0,0,200,0
2014-03-13 11:09:50,1,40,0,0,0,0,0,0,0,0,40
2014-03-13 11:11:03,1,100,0,0,0,100,0,0,0,0,0
2014-03-13 11:12:07,22,2766,1100,0,800,100,226,0,0,480,60
2014-03-13 11:13:37,7,840,0,0,300,0,0,0,0,540,0
2014-03-13 11:13:53,1,100,0,0,0,0,0,0,0,100,0
2014-03-13 11:13:56,1,100,0,0,0,0,0,0,0,100,0
2014-03-13 11:14:02,2,200,0,0,0,0,0,0,0,200,0
2014-03-13 11:14:28,4,600,300,0,300,0,0,0,0,0,0
2014-03-13 11:14:29,1,100,100,0,0,0,0,0,0,0,0
2014-03-13 11:15:02,2,400,0,0,0,0,0,0,0,400,0
2014-03-13 11:15:06,2,102,0,0,0,102,0,0,0,0,0
2014-03-13 11:15:35,1,2,0,0,0,2,0,0,0,0,0
2014-03-13 11:17:53,5,382,0,0,200,82,0,0,0,100,0
2014-03-13 11:17:57,8,542,0,0,100,342,0,0,0,100,0
2014-03-13 11:18:20,13,1087,0,0,13,287,87,0,0,600,100
2014-03-13 11:18:23,3,200,0,0,0,200,0,0,0,0,0
2014-03-13 11:18:49,2,100,0,0,0,0,0,0,0,100,0
2014-03-13 11:19:13,3,200,0,0,156,0,0,0,0,44,0
2014-03-13 11:19:17,4,200,0,0,170,30,0,0,0,0,0
2014-03-13 11:19:35,1,100,0,0,100,0,0,0,0,0,0
2014-03-13 11:19:50,1,60,0,0,0,0,0,0,0,0,60
2014-03-13 11:20:21,6,429,0,0,0,1,0,0,0,428,0
2014-03-13 11:20:38,1,1,0,0,0,1,0,0,0,0,0
2014-03-13 11:20:58,1,59,0,0,0,0,0,0,0,0,59
2014-03-13 11:21:17,1,100,0,0,0,0,0,0,0,100,0
2014-03-13 11:21:21,2,200,0,0,0,0,0,0,0,200,0
2014-03-13 11:22:59,3,200,0,0,0,99,0,0,0,0,101
2014-03-13 11:23:14,1,100,0,0,100,0,0,0,0,0,0
2014-03-13 11:24:23,6,480,0,0,200,102,0,0,0,100,78
2014-03-13 11:25:23,1,78,0,0,0,0,0,0,0,78,0
2014-03-13 11:25:38,1,100,0,0,0,0,0,0,0,100,0
2014-03-13 11:25:54,3,204,0,0,0,4,0,0,0,100,100
2014-03-13 11:25:57,1,100,0,0,0,0,100,0,0,0,0
2014-03-13 11:26:17,1,100,0,0,0,0,100,0,0,0,0
2014-03-13 11:26:19,1,100,0,0,0,0,0,0,0,100,0
2014-03-13 11:26:27,1,100,0,0,0,0,0,0,0,100,0
2014-03-13 11:26:59,3,600,0,0,600,0,0,0,0,0,0
2014-03-13 11:27:00,1,2,0,0,0,2,0,0,0,0,0
2014-03-13 11:27:29,1,100,0,0,0,0,0,0,0,100,0
2014-03-13 11:27:34,1,100,0,0,0,0,0,0,0,100,0
2014-03-13 11:27:36,3,182,0,0,100,0,82,0,0,0,0
2014-03-13 11:27:47,2,198,0,0,0,0,0,0,0,0,198
2014-03-13 11:28:11,1,100,0,0,0,0,0,0,100,0,0
2014-03-13 11:28:39,4,400,0,0,100,0,100,0,0,0,200
2014-03-13 11:28:41,1,100,0,0,0,0,100,0,0,0,0
2014-03-13 11:29:08,1,11,0,0,0,0,0,0,0,11,0
2014-03-13 11:29:18,1,100,0,0,0,0,100,0,0,0,0
2014-03-13 11:29:48,1,100,0,0,0,0,100,0,0,0,0
2014-03-13 11:29:56,1,200,0,0,0,0,0,0,0,200,0
2014-03-13 11:30:28,1,300,0,0,0,0,300,0,0,0,0
2014-03-13 11:30:47,1,200,0,0,0,0,0,0,200,0,0
2014-03-13 11:30:48,1,100,0,0,0,0,0,0,0,100,0
2014-03-13 11:33:08,1,21,0,0,0,0,0,0,0,21,0
2014-03-13 11:33:28,2,200,0,0,0,0,0,0,0,100,100
2014-03-13 11:34:03,2,200,0,0,0,100,0,0,0,100,0
2014-03-13 11:34:28,36,3525,300,0,325,200,200,0,300,2000,200
2014-03-13 11:34:55,1,4,0,0,0,4,0,0,0,0,0
2014-03-13 11:37:00,1,100,0,0,0,100,0,0,0,0,0
2014-03-13 11:40:33,11,854,0,0,223,102,129,100,0,300,0
2014-03-13 11:40:34,1,4,0,0,0,4,0,0,0,0,0
2014-03-13 11:42:20,2,200,0,0,0,0,0,0,0,100,100
2014-03-13 11:42:22,6,355,0,0,0,100,0,0,0,200,55
2014-03-13 11:44:09,1,100,0,0,0,0,0,0,0,100,0
2014-03-13 11:45:18,4,400,0,0,400,0,0,0,0,0,0
2014-03-13 11:45:58,2,200,0,0,0,100,0,0,0,100,0
2014-03-13 11:46:09,1,100,0,0,100,0,0,0,0,0,0
2014-03-13 11:46:41,6,308,200,0,0,8,0,0,0,100,0
2014-03-13 11:46:44,1,4,0,0,0,4,0,0,0,0,0
2014-03-13 11:47:01,1,67,0,0,67,0,0,0,0,0,0
2014-03-13 11:47:47,2,233,0,0,33,0,0,0,0,200,0
2014-03-13 11:47:49,1,100,0,0,0,0,100,0,0,0,0
2014-03-13 11:47:55,1,400,0,0,0,0,400,0,0,0,0
2014-03-13 11:48:25,1,800,0,0,0,0,800,0,0,0,0
2014-03-13 11:49:09,2,200,0,0,100,0,100,0,0,0,0
2014-03-13 11:49:40,1,100,0,0,0,100,0,0,0,0,0
2014-03-13 11:49:42,1,100,0,0,0,0,0,0,0,100,0
2014-03-13 11:49:45,1,100,0,0,100,0,0,0,0,0,0
2014-03-13 11:51:30,2,300,0,0,0,0,0,0,0,200,100
2014-03-13 11:51:32,11,2461,0,0,100,0,1947,0,0,414,0
2014-03-13 11:51:33,1,78,0,0,0,0,78,0,0,0,0
2014-03-13 11:51:34,1,70,0,0,0,0,0,0,0,0,70
2014-03-13 11:51:37,1,100,0,0,0,0,0,0,0,100,0
2014-03-13 11:52:05,2,500,400,0,0,0,0,0,0,100,0
2014-03-13 11:52:06,1,1,0,0,0,1,0,0,0,0,0
2014-03-13 11:52:48,1,250,0,0,0,0,0,0,250,0,0
2014-03-13 11:53:25,2,100,0,0,0,1,0,0,0,99,0
2014-03-13 11:54:10,1,99,99,0,0,0,0,0,0,0,0
2014-03-13 11:54:20,2,102,0,0,0,2,0,0,0,0,100
2014-03-13 11:54:51,4,305,5,0,200,0,0,0,0,0,100
2014-03-13 11:55:12,1,100,100,0,0,0,0,0,0,0,0
2014-03-13 11:55:23,1,200,200,0,0,0,0,0,0,0,0
2014-03-13 11:55:25,1,500,500,0,0,0,0,0,0,0,0
2014-03-13 11:57:15,2,700,700,0,0,0,0,0,0,0,0
2014-03-13 11:57:22,2,200,0,0,0,0,0,0,0,100,100
2014-03-13 11:59:28,2,200,0,0,0,0,0,0,0,100,100
2014-03-13 11:59:50,2,60,0,0,60,0,0,0,0,0,0
2014-03-13 12:00:48,3,300,0,0,0,0,0,0,300,0,0
2014-03-13 12:01:35,2,200,100,0,0,0,0,0,0,100,0
2014-03-13 12:02:26,1,600,600,0,0,0,0,0,0,0,0
2014-03-13 12:03:41,1,200,200,0,0,0,0,0,0,0,0
2014-03-13 12:04:50,4,341,100,0,141,100,0,0,0,0,0
2014-03-13 12:04:59,1,100,0,0,0,100,0,0,0,0,0
2014-03-13 12:05:15,5,1740,575,0,0,0,165,0,0,1000,0
2014-03-13 12:05:34,5,700,0,0,100,0,400,0,0,200,0
2014-03-13 12:05:56,6,600,100,0,0,300,0,0,0,200,0
2014-03-13 12:06:00,1,100,0,0,0,100,0,0,0,0,0
2014-03-13 12:06:01,1,100,0,0,0,100,0,0,0,0,0
2014-03-13 12:06:03,1,100,0,0,0,100,0,0,0,0,0
2014-03-13 12:06:04,3,300,0,0,0,300,0,0,0,0,0
2014-03-13 12:06:06,1,100,0,0,0,100,0,0,0,0,0
2014-03-13 12:07:27,12,1435,462,0,473,0,100,0,0,200,200
2014-03-13 12:08:07,4,400,0,0,0,100,0,0,0,300,0
2014-03-13 12:08:37,2,90,0,0,0,1,89,0,0,0,0
2014-03-13 12:10:00,1,4,0,0,0,4,0,0,0,0,0
2014-03-13 12:10:17,2,141,0,0,0,0,0,0,0,0,141
2014-03-13 12:10:22,15,1078,200,0,0,8,11,0,0,859,0
2014-03-13 12:10:25,4,400,0,0,0,0,100,0,0,200,100
2014-03-13 12:10:36,4,206,0,0,0,6,0,0,0,200,0
2014-03-13 12:10:46,1,100,0,0,0,0,100,0,0,0,0
2014-03-13 12:11:13,2,101,100,0,0,1,0,0,0,0,0
2014-03-13 12:15:19,2,200,0,0,0,200,0,0,0,0,0
2014-03-13 12:15:22,1,91,0,0,91,0,0,0,0,0,0
2014-03-13 12:16:10,3,300,0,0,100,100,0,0,0,100,0
2014-03-13 12:16:17,1,100,100,0,0,0,0,0,0,0,0
2014-03-13 12:17:46,9,802,300,0,300,2,0,0,0,200,0
2014-03-13 12:18:24,1,900,900,0,0,0,0,0,0,0,0
2014-03-13 12:19:09,9,2403,2200,0,0,3,0,0,0,200,0
2014-03-13 12:19:10,2,101,0,0,0,101,0,0,0,0,0
2014-03-13 12:19:23,1,1,0,0,0,1,0,0,0,0,0
2014-03-13 12:19:41,10,908,0,0,0,0,0,0,0,908,0
2014-03-13 12:20:21,2,200,0,0,0,0,0,0,0,200,0
2014-03-13 12:21:48,48,5735,350,100,600,406,300,100,800,2879,200
2014-03-13 12:21:49,2,104,0,0,100,4,0,0,0,0,0
2014-03-13 12:22:08,1,100,0,0,0,0,0,0,0,0,100
2014-03-13 12:22:30,1,2,0,0,0,2,0,0,0,0,0
2014-03-13 12:22:48,4,400,100,0,100,0,0,0,0,200,0
2014-03-13 12:24:12,9,1675,875,0,0,0,0,0,0,800,0
2014-03-13 12:24:30,22,32271,30159,0,0,1004,100,0,300,500,208
2014-03-13 12:24:38,1,100,0,0,0,0,0,0,0,100,0
2014-03-13 12:24:44,1,100,0,0,0,0,0,0,0,100,0
2014-03-13 12:24:57,9,901,200,0,0,1,200,0,0,500,0
2014-03-13 12:25:04,2,200,0,0,0,0,0,200,0,0,0
2014-03-13 12:25:35,2,4400,4300,0,0,0,100,0,0,0,0
2014-03-13 12:25:40,22,2200,100,0,200,1100,0,0,0,700,100
2014-03-13 12:25:41,10,14100,13500,0,0,0,100,0,0,200,300
2014-03-13 12:25:42,1,500,500,0,0,0,0,0,0,0,0
2014-03-13 12:25:44,2,600,500,0,0,0,0,0,0,0,100
2014-03-13 12:25:47,1,500,500,0,0,0,0,0,0,0,0
2014-03-13 12:25:49,1,100,100,0,0,0,0,0,0,0,0
2014-03-13 12:26:04,6,1800,1800,0,0,0,0,0,0,0,0
2014-03-13 12:26:33,7,2006,0,0,0,0,100,100,0,1806,0
2014-03-13 12:26:41,12,1281,550,0,0,100,0,0,100,531,0
2014-03-13 12:27:01,1,100,0,0,0,0,0,100,0,0,0
2014-03-13 12:27:09,1,150,150,0,0,0,0,0,0,0,0
2014-03-13 12:30:16,2,1000,0,0,0,0,0,0,1000,0,0
2014-03-13 12:31:17,13,1401,100,0,0,1,300,100,0,900,0
2014-03-13 12:31:22,1,4,0,0,0,4,0,0,0,0,0
2014-03-13 12:31:49,1,1,0,0,0,1,0,0,0,0,0
2014-03-13 12:32:24,1,100,0,0,0,0,100,0,0,0,0
2014-03-13 12:32:30,2,103,0,0,0,103,0,0,0,0,0
2014-03-13 12:32:31,7,649,0,0,247,2,0,0,0,300,100
2014-03-13 12:32:35,12,807,0,0,0,407,0,0,0,200,200
2014-03-13 12:32:58,1,100,0,0,0,0,0,0,0,100,0
2014-03-13 12:33:35,5,304,0,0,100,4,0,0,0,200,0
2014-03-13 12:34:13,1,500,0,0,0,0,0,0,500,0,0
2014-03-13 12:34:28,2,104,0,0,0,4,0,0,0,100,0
2014-03-13 12:36:12,26,5222,1300,0,601,6,1315,0,300,1300,400
2014-03-13 12:37:24,3,300,0,0,0,0,100,0,0,200,0
2014-03-13 12:37:40,4,428,128,0,100,0,0,0,0,200,0
2014-03-13 12:38:53,1,40,0,0,0,0,40,0,0,0,0
2014-03-13 12:38:59,14,8200,8200,0,0,0,0,0,0,0,0
2014-03-13 12:39:24,1,40,0,0,0,0,0,40,0,0,0
2014-03-13 12:39:26,1,52,52,0,0,0,0,0,0,0,0
2014-03-13 12:40:03,12,5800,4240,0,0,0,1400,60,100,0,0
2014-03-13 12:40:05,2,200,0,0,0,0,0,200,0,0,0
2014-03-13 12:40:09,1,100,0,0,0,100,0,0,0,0,0
2014-03-13 12:41:00,2,1000,900,0,0,0,0,0,0,100,0
2014-03-13 12:41:16,2,200,200,0,0,0,0,0,0,0,0
2014-03-13 12:41:21,2,400,400,0,0,0,0,0,0,0,0
2014-03-13 12:42:28,7,700,400,0,0,100,200,0,0,0,0
2014-03-13 12:42:34,6,354,0,0,0,305,0,0,0,49,0
2014-03-13 12:43:10,2,5,0,0,0,5,0,0,0,0,0
2014-03-13 12:43:11,15,1196,0,0,400,0,0,0,796,0,0
2014-03-13 12:43:15,2,200,0,0,0,0,0,100,0,0,100
2014-03-13 12:43:54,1,4,0,0,0,4,0,0,0,0,0
2014-03-13 12:44:32,2,100,0,0,0,0,0,0,100,0,0
2014-03-13 12:45:11,4,206,0,0,100,6,0,0,0,100,0
2014-03-13 12:46:53,1,100,0,0,0,0,0,0,0,0,100
2014-03-13 12:47:08,11,805,0,0,600,5,0,0,0,200,0
2014-03-13 12:47:41,1,300,0,0,0,0,300,0,0,0,0
2014-03-13 12:48:48,11,1297,296,0,100,101,200,0,0,600,0
2014-03-13 12:49:06,4,49,0,0,0,9,0,0,0,40,0
2014-03-13 12:49:10,1,4,0,0,0,4,0,0,0,0,0
2014-03-13 12:49:24,3,125,0,0,0,1,0,0,0,100,24
2014-03-13 12:49:34,2,200,0,0,0,0,0,0,200,0,0
2014-03-13 12:49:37,4,400,0,0,0,0,0,0,400,0,0
2014-03-13 12:49:43,1,100,0,0,0,0,0,0,0,100,0
2014-03-13 12:50:01,3,144,0,0,0,101,0,43,0,0,0
2014-03-13 12:50:19,1,2,0,0,0,2,0,0,0,0,0
2014-03-13 12:50:40,4,700,0,0,0,0,0,0,72,428,200
2014-03-13 12:50:41,2,235,0,0,0,0,0,0,0,235,0
2014-03-13 12:52:10,2,1261,0,0,0,0,961,0,300,0,0
2014-03-13 12:52:11,6,5363,0,0,100,2,5200,0,0,61,0
2014-03-13 12:52:14,1,300,0,0,0,0,300,0,0,0,0
2014-03-13 12:52:39,1,4700,0,0,0,0,4700,0,0,0,0
2014-03-13 12:52:41,2,400,0,0,0,0,0,0,0,0,400
2014-03-13 12:52:45,1,100,0,0,0,0,100,0,0,0,0
2014-03-13 12:53:31,1,700,0,0,0,0,700,0,0,0,0
2014-03-13 12:53:34,1,201,0,0,0,0,201,0,0,0,0
2014-03-13 12:53:50,1,100,0,0,0,0,100,0,0,0,0
2014-03-13 12:53:52,26,17415,2800,200,3100,1706,3600,1400,100,4300,209
2014-03-13 12:53:53,1,100,0,0,0,0,0,0,0,0,100
2014-03-13 12:53:54,1,100,0,0,0,0,0,0,0,0,100
2014-03-13 12:54:18,1,100,0,0,0,0,0,0,0,100,0
2014-03-13 12:54:29,3,32,0,0,0,0,0,0,0,0,32
2014-03-13 12:55:04,1,100,0,0,0,0,0,0,100,0,0
2014-03-13 12:55:13,1,400,0,0,0,0,0,0,400,0,0
2014-03-13 12:55:18,6,500,0,0,0,100,0,100,100,200,0
2014-03-13 12:55:23,2,200,0,0,0,0,0,0,0,0,200
2014-03-13 12:55:29,9,804,100,0,104,500,0,0,0,100,0
2014-03-13 12:55:30,1,3,0,0,0,3,0,0,0,0,0
2014-03-13 12:55:50,2,101,0,0,0,101,0,0,0,0,0
2014-03-13 12:55:51,1,100,0,0,0,0,0,0,0,100,0
2014-03-13 12:56:18,5,396,0,0,0,296,0,0,0,0,100
2014-03-13 12:57:12,8,601,0,0,0,301,100,0,0,200,0
2014-03-13 12:57:13,1,4,4,0,0,0,0,0,0,0,0
2014-03-13 12:57:20,2,400,396,0,0,0,0,0,0,0,4
2014-03-13 12:57:41,3,9400,200,0,0,0,9104,0,0,0,96
2014-03-13 12:58:10,1,100,0,0,0,100,0,0,0,0,0
2014-03-13 12:59:20,1,100,0,0,100,0,0,0,0,0,0
2014-03-13 13:01:13,11,8033,500,0,100,0,6933,0,0,200,300
2014-03-13 13:01:37,1,4,0,0,0,0,0,0,0,0,4
2014-03-13 13:01:49,2,350,347,0,0,3,0,0,0,0,0
2014-03-13 13:02:01,17,7438,4918,0,129,5,2286,100,0,0,0
2014-03-13 13:02:02,2,300,0,0,0,0,200,100,0,0,0
2014-03-13 13:02:05,5,900,500,0,0,0,0,0,0,300,100
2014-03-13 13:02:07,3,300,0,0,0,100,0,0,0,100,100
2014-03-13 13:02:08,1,100,100,0,0,0,0,0,0,0,0
2014-03-13 13:02:09,2,200,0,0,200,0,0,0,0,0,0
2014-03-13 13:02:10,1,6,0,0,0,0,0,6,0,0,0
2014-03-13 13:02:31,4,404,0,0,100,304,0,0,0,0,0
2014-03-13 13:02:36,14,2457,750,0,300,7,700,0,0,700,0
2014-03-13 13:02:37,2,200,0,0,0,0,0,0,100,0,100
2014-03-13 13:02:52,1,200,0,0,200,0,0,0,0,0,0
2014-03-13 13:03:08,2,21,0,0,0,0,0,0,0,21,0
2014-03-13 13:04:08,1,100,0,0,100,0,0,0,0,0,0
2014-03-13 13:05:21,5,2100,0,0,0,0,0,0,0,2100,0
2014-03-13 13:07:23,2,200,0,0,0,0,0,0,100,100,0
2014-03-13 13:07:41,1,100,0,0,0,0,0,0,100,0,0
2014-03-13 13:07:42,13,2949,1450,0,900,203,100,0,0,296,0
2014-03-13 13:07:43,1,99,0,0,99,0,0,0,0,0,0
2014-03-13 13:08:06,1,20,0,0,0,20,0,0,0,0,0
2014-03-13 13:09:18,1,100,0,0,0,0,0,0,0,100,0
2014-03-13 13:09:19,5,800,0,0,700,0,0,0,0,0,100
2014-03-13 13:10:09,1,100,0,0,100,0,0,0,0,0,0
2014-03-13 13:10:26,1,3,0,0,0,3,0,0,0,0,0
2014-03-13 13:10:38,1,200,0,0,0,0,0,0,0,200,0
2014-03-13 13:11:11,6,402,0,0,0,202,100,0,0,100,0
2014-03-13 13:16:01,27,5402,2200,0,1100,602,100,0,0,1200,200
2014-03-13 13:16:06,9,452,0,0,348,4,0,0,0,0,100
2014-03-13 13:16:10,3,300,0,0,0,0,0,0,0,200,100
2014-03-13 13:16:30,11,1600,600,0,800,0,100,0,0,0,100
2014-03-13 13:16:38,3,300,0,0,100,0,0,0,0,200,0
2014-03-13 13:17:33,12,723,100,0,100,106,100,0,0,200,117
2014-03-13 13:17:37,23,2602,0,0,606,103,100,0,0,1693,100
2014-03-13 13:17:40,3,300,100,100,0,100,0,0,0,0,0
2014-03-13 13:18:09,10,516,0,0,0,111,0,0,0,300,105
2014-03-13 13:19:00,2,200,0,0,0,0,200,0,0,0,0
2014-03-13 13:19:40,5,304,0,0,0,4,0,0,0,300,0
2014-03-13 13:19:53,1,4,0,0,0,4,0,0,0,0,0
2014-03-13 13:20:10,1,100,0,0,0,0,0,0,0,0,100
2014-03-13 13:20:19,1,3,0,0,0,3,0,0,0,0,0
2014-03-13 13:20:53,1,100,0,0,100,0,0,0,0,0,0
2014-03-13 13:20:55,2,101,0,0,0,1,0,0,0,0,100
2014-03-13 13:21:07,4,300,0,0,0,0,0,0,100,100,100
2014-03-13 13:21:45,14,11209,10000,0,0,728,200,0,0,200,81
2014-03-13 13:21:51,8,801,400,0,0,1,200,0,0,200,0
2014-03-13 13:22:09,5,303,0,0,0,103,0,0,0,200,0
2014-03-13 13:22:42,7,406,0,0,200,6,100,0,0,0,100
2014-03-13 13:23:31,8,325,0,0,0,6,0,0,0,0,319
2014-03-13 13:23:47,2,200,0,0,0,0,0,0,0,200,0
2014-03-13 13:24:08,1,34,0,0,0,0,34,0,0,0,0
2014-03-13 13:25:13,5,401,0,0,0,101,100,0,0,200,0
2014-03-13 13:25:36,1,4,0,0,0,4,0,0,0,0,0
2014-03-13 13:26:00,1,3,0,0,0,3,0,0,0,0,0
2014-03-13 13:26:01,1,100,0,0,0,0,0,0,0,0,100
2014-03-13 13:26:15,3,202,100,0,100,2,0,0,0,0,0
2014-03-13 13:26:25,16,15216,0,0,13612,4,100,0,0,1500,0
2014-03-13 13:26:33,1,100,0,0,100,0,0,0,0,0,0
2014-03-13 13:27:19,6,403,0,0,100,3,100,0,0,200,0
2014-03-13 13:28:02,2,101,0,0,0,1,100,0,0,0,0
2014-03-13 13:28:14,5,404,200,0,0,4,0,0,0,200,0
2014-03-13 13:28:15,7,603,0,0,200,103,0,100,100,100,0
2014-03-13 13:28:17,1,3,0,0,0,3,0,0,0,0,0
2014-03-13 13:28:29,18,1007,100,0,0,7,0,0,0,700,200
2014-03-13 13:28:35,14,1106,0,0,0,206,0,0,0,700,200
2014-03-13 13:28:54,3,204,0,0,0,4,100,0,0,100,0
2014-03-13 13:29:08,1,200,200,0,0,0,0,0,0,0,0
2014-03-13 13:29:18,2,103,0,0,0,3,0,0,0,100,0
2014-03-13 13:30:25,5,402,0,0,100,2,100,0,0,200,0
2014-03-13 13:31:04,10,2005,0,0,300,5,100,0,0,1600,0
2014-03-13 13:31:05,2,102,0,0,0,2,0,0,0,100,0
2014-03-13 13:32:36,5,306,0,0,0,106,100,0,0,100,0
2014-03-13 13:32:43,8,1449,0,0,0,58,1200,0,0,91,100
2014-03-13 13:32:50,10,6075,75,0,4996,4,0,0,0,0,1000
2014-03-13 13:32:54,12,2353,925,0,799,4,0,0,0,525,100
2014-03-13 13:32:58,16,1067,0,0,610,257,0,0,0,100,100
2014-03-13 13:33:02,5,177,0,0,0,11,166,0,0,0,0
2014-03-13 13:33:04,2,400,0,0,400,0,0,0,0,0,0
2014-03-13 13:35:38,13,1209,0,0,0,4,200,0,0,900,105
2014-03-13 13:35:40,3,480,376,0,0,4,0,0,0,0,100
2014-03-13 13:36:10,1,50,50,0,0,0,0,0,0,0,0
2014-03-13 13:36:14,8,1774,374,0,0,0,100,0,0,1300,0
2014-03-13 13:36:16,16,1730,692,0,100,7,100,0,0,831,0
2014-03-13 13:36:50,1,84,0,0,0,0,0,0,0,84,0
2014-03-13 13:36:55,1,100,0,0,0,0,0,0,0,100,0
2014-03-13 13:38:09,7,534,318,0,100,0,0,0,0,116,0
2014-03-13 13:38:20,2,104,0,0,0,0,0,0,0,104,0
2014-03-13 13:38:33,19,2005,1000,0,100,14,300,100,0,491,0
2014-03-13 13:38:34,3,100,0,0,0,3,0,0,0,0,97
2014-03-13 13:39:21,1,100,0,0,0,100,0,0,0,0,0
2014-03-13 13:39:45,3,300,0,0,0,0,100,0,0,0,200
2014-03-13 13:41:10,5,451,100,0,100,0,0,0,0,251,0
2014-03-13 13:41:50,1,500,500,0,0,0,0,0,0,0,0
2014-03-13 13:41:55,19,1904,300,0,400,204,300,0,0,700,0
2014-03-13 13:41:56,1,100,0,0,0,0,100,0,0,0,0
2014-03-13 13:42:30,1,47,47,0,0,0,0,0,0,0,0
2014-03-13 13:42:42,1,75,0,0,0,0,0,0,0,75,0
2014-03-13 13:43:53,2,102,0,0,0,102,0,0,0,0,0
2014-03-13 13:43:54,5,15,0,0,0,15,0,0,0,0,0
2014-03-13 13:44:10,2,200,0,0,0,0,0,0,0,200,0
2014-03-13 13:44:13,1,2,0,0,0,2,0,0,0,0,0
2014-03-13 13:46:34,1,100,0,0,0,0,0,0,0,0,100
2014-03-13 13:46:36,7,753,0,0,200,0,0,0,0,400,153
2014-03-13 13:48:33,12,1160,0,0,700,60,100,0,100,200,0
2014-03-13 13:51:52,1,100,0,0,0,0,0,100,0,0,0
2014-03-13 13:51:59,2,200,0,0,0,0,0,0,0,100,100
2014-03-13 13:52:04,6,2100,1800,0,100,0,0,0,0,0,200
2014-03-13 13:52:21,1,2,0,0,0,2,0,0,0,0,0
2014-03-13 13:52:35,1,100,0,0,0,0,0,0,0,100,0
2014-03-13 13:53:43,1,95,0,0,0,0,95,0,0,0,0
2014-03-13 13:54:30,2,200,0,0,100,0,0,0,0,100,0
2014-03-13 13:55:38,18,8497,5395,0,0,104,2200,0,0,798,0
2014-03-13 13:55:45,2,101,0,0,0,1,0,0,0,0,100
2014-03-13 13:56:57,5,302,0,0,100,2,0,0,200,0,0
2014-03-13 13:57:07,2,102,0,0,0,2,0,0,0,0,100
2014-03-13 13:59:40,5,502,200,0,0,2,200,0,0,100,0
2014-03-13 14:00:05,12,945,0,0,300,10,0,335,100,200,0
2014-03-13 14:00:06,1,2,0,0,0,2,0,0,0,0,0
2014-03-13 14:01:50,1,100,100,0,0,0,0,0,0,0,0
2014-03-13 14:02:24,1,100,0,0,0,0,0,0,0,100,0
2014-03-13 14:03:16,6,1000,0,0,0,100,200,0,0,700,0
2014-03-13 14:03:28,9,716,0,0,416,0,100,0,0,200,0
2014-03-13 14:04:02,11,984,0,0,184,404,0,0,0,396,0
2014-03-13 14:05:41,1,40,0,0,40,0,0,0,0,0,0
2014-03-13 14:06:27,1,12,0,0,12,0,0,0,0,0,0
2014-03-13 14:07:41,1,100,0,0,0,100,0,0,0,0,0
2014-03-13 14:09:33,1,100,0,0,0,0,0,0,100,0,0
2014-03-13 14:10:16,1,100,0,0,0,0,0,0,0,100,0
2014-03-13 14:11:35,1,40,40,0,0,0,0,0,0,0,0
2014-03-13 14:12:02,5,500,0,0,300,0,200,0,0,0,0
2014-03-13 14:12:59,8,2002,1400,0,400,102,0,0,0,100,0
2014-03-13 14:14:48,4,301,99,0,100,2,0,100,0,0,0
2014-03-13 14:16:27,9,546,0,0,300,6,17,0,0,223,0
2014-03-13 14:16:33,5,413,0,0,0,4,200,0,0,0,209
2014-03-13 14:16:44,6,541,100,0,0,4,200,0,237,0,0
2014-03-13 14:16:45,1,1,0,0,0,1,0,0,0,0,0
2014-03-13 14:17:42,1,84,0,0,0,0,84,0,0,0,0
2014-03-13 14:20:40,3,208,0,0,8,0,0,0,0,100,100
2014-03-13 14:20:42,1,100,0,0,0,0,0,0,0,0,100
2014-03-13 14:20:44,6,1492,0,0,1292,100,100,0,0,0,0
2014-03-13 14:21:07,10,3701,200,0,0,1,1100,0,0,2300,100
2014-03-13 14:21:19,4,699,0,0,100,100,0,0,0,499,0
2014-03-13 14:21:23,7,2000,0,0,500,0,0,0,900,500,100
2014-03-13 14:21:36,3,501,400,0,0,0,0,0,0,101,0
2014-03-13 14:21:51,1,200,200,0,0,0,0,0,0,0,0
2014-03-13 14:21:55,5,1300,0,0,200,0,100,0,1000,0,0
2014-03-13 14:21:59,4,890,500,0,0,0,200,0,100,90,0
2014-03-13 14:22:03,1,100,0,0,0,0,0,0,0,100,0
2014-03-13 14:22:05,3,300,0,0,0,0,0,0,0,300,0
2014-03-13 14:22:20,2,900,0,0,900,0,0,0,0,0,0
2014-03-13 14:22:24,1,100,0,0,100,0,0,0,0,0,0
2014-03-13 14:22:30,8,800,100,0,100,100,100,0,0,300,100
2014-03-13 14:22:43,4,303,0,0,100,103,0,0,0,0,100
2014-03-13 14:23:44,3,300,0,0,0,0,100,100,0,100,0
2014-03-13 14:23:50,3,300,0,0,0,0,0,0,0,300,0
2014-03-13 14:25:11,1,200,0,0,0,0,200,0,0,0,0
2014-03-13 14:25:28,1,800,800,0,0,0,0,0,0,0,0
2014-03-13 14:25:57,1,100,0,0,0,0,0,0,0,100,0
2014-03-13 14:26:16,7,610,100,0,100,3,7,0,0,300,100
2014-03-13 14:26:45,3,300,100,0,200,0,0,0,0,0,0
2014-03-13 14:27:04,1,100,100,0,0,0,0,0,0,0,0
2014-03-13 14:27:25,2,200,200,0,0,0,0,0,0,0,0
2014-03-13 14:27:46,2,1000,900,0,100,0,0,0,0,0,0
2014-03-13 14:28:24,3,201,100,0,0,1,100,0,0,0,0
2014-03-13 14:28:32,32,16131,11525,0,400,5,211,0,0,3990,0
2014-03-13 14:28:33,9,709,0,0,400,106,100,0,0,103,0
2014-03-13 14:28:40,4,402,200,0,0,102,0,0,0,0,100
2014-03-13 14:28:42,4,300,0,0,0,100,0,0,0,200,0
2014-03-13 14:28:56,3,203,0,0,0,3,100,0,0,0,100
2014-03-13 14:29:25,1,100,0,0,0,0,0,0,0,0,100
2014-03-13 14:30:27,5,403,0,0,0,3,0,100,100,100,100
2014-03-13 14:30:49,5,504,0,0,0,104,300,0,0,100,0
2014-03-13 14:30:51,1,3,0,0,0,3,0,0,0,0,0
2014-03-13 14:31:13,1,400,0,0,0,0,0,400,0,0,0
2014-03-13 14:31:59,3,427,100,0,0,0,127,0,0,200,0
2014-03-13 14:32:23,1,100,0,0,0,0,100,0,0,0,0
2014-03-13 14:32:31,4,206,0,0,0,106,100,0,0,0,0
2014-03-13 14:33:57,3,119,0,0,0,3,16,0,0,100,0
2014-03-13 14:34:23,2,200,0,0,0,0,0,0,0,100,100
2014-03-13 14:34:53,6,504,0,0,200,4,0,0,0,200,100
2014-03-13 14:34:55,5,401,0,0,0,101,0,0,0,300,0
2014-03-13 14:35:39,1,4,0,0,0,4,0,0,0,0,0
2014-03-13 14:35:56,1,100,0,0,0,0,100,0,0,0,0
2014-03-13 14:36:22,3,203,0,0,200,3,0,0,0,0,0
2014-03-13 14:36:30,2,102,0,0,0,2,100,0,0,0,0
2014-03-13 14:36:36,5,307,100,0,0,7,0,0,0,0,200
2014-03-13 14:38:14,9,498,0,0,0,9,100,200,100,0,89
2014-03-13 14:40:34,2,5,0,0,0,5,0,0,0,0,0
2014-03-13 14:40:35,19,1807,0,0,800,207,100,0,0,500,200
2014-03-13 14:41:49,1,100,0,0,0,0,0,0,0,0,100
2014-03-13 14:41:54,2,200,0,0,0,100,100,0,0,0,0
2014-03-13 14:42:59,2,98,0,0,0,3,0,0,0,95,0
2014-03-13 14:43:44,2,200,0,0,0,0,0,0,0,200,0
2014-03-13 14:44:12,3,244,0,0,0,0,100,0,0,144,0
2014-03-13 14:45:38,1,3,0,0,0,3,0,0,0,0,0
2014-03-13 14:46:56,8,512,0,0,100,1,0,100,0,100,211
2014-03-13 14:47:10,4,404,100,0,0,104,0,0,0,200,0
2014-03-13 14:47:37,4,400,198,0,100,2,0,0,0,0,100
2014-03-13 14:48:04,5,603,0,0,0,4,150,449,0,0,0
2014-03-13 14:49:33,10,3798,0,0,0,3,100,0,0,3314,381
2014-03-13 14:49:39,70,12420,1402,0,2184,1509,300,100,100,6585,240
2014-03-13 14:49:44,3,400,0,0,0,0,200,0,0,200,0
2014-03-13 14:50:17,1,100,0,0,0,0,0,0,0,0,100
2014-03-13 14:50:29,1,100,0,0,100,0,0,0,0,0,0
2014-03-13 14:51:00,1,44,0,0,0,0,0,0,0,44,0
2014-03-13 14:51:21,3,256,0,0,0,0,0,0,0,256,0
2014-03-13 14:52:25,4,305,0,0,0,5,100,0,0,200,0
2014-03-13 14:52:33,2,200,0,0,0,0,0,0,0,0,200
2014-03-13 14:52:40,7,704,0,0,100,104,200,0,0,300,0
2014-03-13 14:52:48,3,555,155,0,300,0,100,0,0,0,0
2014-03-13 14:53:06,4,1070,845,0,0,0,25,0,0,200,0
2014-03-13 14:53:12,2,890,0,0,890,0,0,0,0,0,0
2014-03-13 14:53:22,8,2100,0,0,1797,103,100,0,0,100,0
2014-03-13 14:53:40,4,371,0,0,0,4,267,0,100,0,0
2014-03-13 14:53:56,1,2,0,0,0,2,0,0,0,0,0
2014-03-13 14:54:22,1,1,0,0,0,1,0,0,0,0,0
2014-03-13 14:55:48,6,542,0,0,0,0,0,0,242,300,0
2014-03-13 14:55:49,2,26,26,0,0,0,0,0,0,0,0
2014-03-13 14:55:50,2,200,0,0,0,200,0,0,0,0,0
2014-03-13 14:56:43,5,306,0,0,0,106,100,0,0,100,0
2014-03-13 14:56:44,1,40,0,0,0,0,40,0,0,0,0
2014-03-13 14:57:43,1,25,25,0,0,0,0,0,0,0,0
2014-03-13 14:57:56,6,488,0,0,138,50,100,0,0,100,100
2014-03-13 14:58:51,3,250,0,0,0,0,0,0,0,150,100
2014-03-13 14:59:04,1,200,200,0,0,0,0,0,0,0,0
2014-03-13 14:59:11,5,1487,1275,0,62,0,100,0,0,50,0
2014-03-13 15:01:54,5,588,284,0,100,4,0,0,0,200,0
2014-03-13 15:02:54,1,100,0,0,0,0,100,0,0,0,0
2014-03-13 15:02:55,3,300,100,0,0,0,0,0,0,200,0
2014-03-13 15:05:12,3,300,0,0,100,0,0,0,0,100,100
2014-03-13 15:05:26,2,203,0,0,0,3,0,0,0,200,0
2014-03-13 15:05:31,2,200,100,0,0,0,100,0,0,0,0
2014-03-13 15:05:33,2,104,0,0,0,4,0,0,0,100,0
2014-03-13 15:09:56,1,100,0,0,0,0,0,0,100,0,0
2014-03-13 15:10:04,16,2056,0,0,150,6,300,0,100,1500,0
2014-03-13 15:10:05,2,2000,0,0,0,0,0,0,0,1900,100
2014-03-13 15:10:07,1,100,0,0,0,0,0,0,0,100,0
2014-03-13 15:10:21,1,12,0,0,0,0,12,0,0,0,0
2014-03-13 15:10:22,4,412,0,0,0,4,0,0,0,408,0
2014-03-13 15:11:30,12,1019,0,0,0,10,400,0,100,409,100
2014-03-13 15:11:31,3,502,0,0,0,2,0,0,0,500,0
2014-03-13 15:11:32,3,203,0,0,3,0,0,0,100,0,100
2014-03-13 15:11:36,5,500,0,0,197,0,0,0,0,303,0
2014-03-13 15:12:22,8,608,200,0,0,108,0,0,0,300,0
2014-03-13 15:13:05,2,200,0,0,0,0,100,0,0,0,100
2014-03-13 15:13:06,1,35,0,0,0,0,35,0,0,0,0
2014-03-13 15:13:26,2,204,0,0,0,4,0,0,0,200,0
2014-03-13 15:15:02,5,305,100,0,0,5,0,0,0,100,100
2014-03-13 15:15:07,4,365,0,0,0,0,0,0,0,200,165
2014-03-13 15:15:23,2,69,0,0,0,0,0,0,0,69,0
2014-03-13 15:15:24,12,1101,0,0,200,301,0,0,0,500,100
2014-03-13 15:15:27,6,409,0,0,112,97,0,0,0,200,0
2014-03-13 15:15:38,1,1,0,0,0,1,0,0,0,0,0
2014-03-13 15:15:44,4,220,0,0,100,103,17,0,0,0,0
2014-03-13 15:15:49,1,1,0,0,0,1,0,0,0,0,0
2014-03-13 15:16:46,3,300,0,0,0,0,0,0,0,100,200
2014-03-13 15:17:25,5,1000,696,0,0,4,0,0,0,300,0
2014-03-13 15:17:42,1,200,200,0,0,0,0,0,0,0,0
2014-03-13 15:19:53,17,6299,5379,0,400,20,300,0,100,100,0
2014-03-13 15:19:54,3,1100,900,0,0,0,0,0,100,0,100
2014-03-13 15:19:56,2,300,0,0,0,0,0,0,0,300,0
2014-03-13 15:20:02,2,500,400,0,0,0,100,0,0,0,0
2014-03-13 15:20:03,4,1100,1000,0,0,0,0,0,0,100,0
2014-03-13 15:20:16,2,200,0,0,0,0,0,0,0,200,0
2014-03-13 15:20:23,1,250,250,0,0,0,0,0,0,0,0
2014-03-13 15:20:36,8,972,0,0,200,1,400,0,0,300,71
2014-03-13 15:20:41,2,220,120,0,0,0,0,0,0,0,100
2014-03-13 15:22:46,8,703,0,0,100,503,100,0,0,0,0
2014-03-13 15:23:12,1,100,0,0,100,0,0,0,0,0,0
2014-03-13 15:24:12,3,203,0,0,100,3,100,0,0,0,0
2014-03-13 15:24:56,1,100,0,0,0,0,0,0,0,0,100
2014-03-13 15:25:36,6,451,100,0,0,251,0,0,0,100,0
2014-03-13 15:25:42,2,300,0,0,0,0,0,0,0,200,100
2014-03-13 15:26:22,17,1162,11,0,212,407,100,0,0,432,0
2014-03-13 15:28:12,3,300,0,0,100,0,0,0,0,200,0
2014-03-13 15:28:18,9,825,0,0,0,125,100,0,0,500,100
2014-03-13 15:29:16,1,38,0,0,38,0,0,0,0,0,0
2014-03-13 15:30:40,6,565,0,0,62,3,100,0,0,400,0
2014-03-13 15:30:51,5,902,0,0,100,2,600,0,0,200,0
2014-03-13 15:30:52,2,305,0,0,0,0,305,0,0,0,0
2014-03-13 15:31:40,6,700,0,0,0,200,100,0,0,400,0
2014-03-13 15:31:44,1,100,0,0,0,0,0,0,0,0,100
2014-03-13 15:32:19,59,6204,1598,0,1500,804,400,100,100,1502,200
2014-03-13 15:32:56,6,700,0,0,0,302,100,0,0,298,0
2014-03-13 15:33:05,12,1470,300,0,400,100,100,0,0,400,170
2014-03-13 15:33:45,29,4033,0,0,3030,103,100,0,0,700,100
2014-03-13 15:34:19,7,606,0,0,0,306,0,0,0,300,0
2014-03-13 15:34:21,5,402,0,0,200,2,0,0,0,100,100
2014-03-13 15:34:36,1,4,0,0,0,4,0,0,0,0,0
2014-03-13 15:35:10,3,200,0,0,0,100,0,0,0,0,100
2014-03-13 15:35:16,2,100,96,0,0,4,0,0,0,0,0
2014-03-13 15:35:41,2,150,0,0,0,0,150,0,0,0,0
2014-03-13 15:35:54,19,1665,0,0,200,105,0,0,0,1060,300
2014-03-13 15:35:55,16,1318,0,0,0,403,17,0,0,798,100
2014-03-13 15:35:57,1,4,0,0,0,4,0,0,0,0,0
2014-03-13 15:36:00,12,797,0,0,88,5,0,200,100,306,98
2014-03-13 15:36:02,7,2991,700,0,0,3,100,0,0,2188,0
2014-03-13 15:36:26,1,2,0,0,0,2,0,0,0,0,0
2014-03-13 15:37:41,1,4,0,0,0,0,0,0,0,4,0
2014-03-13 15:37:57,4,1182,0,0,0,0,100,0,0,1082,0
2014-03-13 15:37:58,1,98,98,0,0,0,0,0,0,0,0
2014-03-13 15:38:06,9,1129,0,0,0,72,428,0,0,600,29
2014-03-13 15:38:07,2,36,32,0,0,4,0,0,0,0,0
2014-03-13 15:38:38,3,100,0,0,0,2,0,0,0,0,98
2014-03-13 15:39:13,1,2,0,0,0,0,0,0,0,2,0
2014-03-13 15:39:27,1,5,5,0,0,0,0,0,0,0,0
2014-03-13 15:39:47,1,6,6,0,0,0,0,0,0,0,0
2014-03-13 15:40:07,5,398,0,0,100,0,100,0,0,198,0
2014-03-13 15:40:10,7,724,20,0,0,304,0,0,0,400,0
2014-03-13 15:40:11,2,5,0,0,0,5,0,0,0,0,0
2014-03-13 15:40:20,2,200,0,0,0,0,100,0,0,0,100
2014-03-13 15:41:14,10,1000,0,0,0,0,0,0,0,500,500
2014-03-13 15:41:15,1,100,0,0,0,0,0,0,0,100,0
2014-03-13 15:41:35,1,12,0,0,0,0,0,0,0,0,12
2014-03-13 15:41:37,2,300,0,0,0,0,200,0,0,100,0
2014-03-13 15:41:43,1,200,0,0,0,0,0,0,0,200,0
2014-03-13 15:42:41,8,2118,802,0,200,2,0,0,0,1114,0
2014-03-13 15:42:42,7,511,100,0,0,11,100,0,0,300,0
2014-03-13 15:42:45,5,307,0,0,0,7,100,0,0,200,0
2014-03-13 15:44:47,2,200,0,0,200,0,0,0,0,0,0
2014-03-13 15:45:28,4,624,0,0,0,0,0,0,200,424,0
2014-03-13 15:45:30,1,100,0,0,0,0,100,0,0,0,0
2014-03-13 15:45:58,2,200,0,0,0,0,0,100,100,0,0
2014-03-13 15:45:59,2,203,0,0,0,0,100,0,0,103,0
2014-03-13 15:46:03,21,10285,4000,0,1309,203,1100,0,0,3673,0
2014-03-13 15:46:05,1,200,0,0,0,200,0,0,0,0,0
2014-03-13 15:46:11,1,200,0,0,200,0,0,0,0,0,0
2014-03-13 15:46:29,7,1697,96,0,0,201,0,0,0,1400,0
2014-03-13 15:47:12,29,4627,300,0,1100,327,300,0,0,2400,200
2014-03-13 15:47:57,24,2548,300,0,500,404,100,100,0,700,444
2014-03-13 15:47:58,1,100,0,0,0,0,0,0,0,0,100
2014-03-13 15:48:14,1,100,0,0,0,0,0,0,100,0,0
2014-03-13 15:48:18,14,1578,100,0,0,78,800,0,0,600,0
2014-03-13 15:48:21,1,200,0,0,0,0,0,0,0,200,0
2014-03-13 15:48:43,6,666,0,0,100,400,0,166,0,0,0
2014-03-13 15:48:44,2,200,0,0,0,200,0,0,0,0,0
2014-03-13 15:48:58,25,4924,200,0,762,1000,100,100,100,2562,100
2014-03-13 15:49:02,1,200,0,0,0,0,0,0,0,200,0
2014-03-13 15:49:07,2,200,100,0,0,100,0,0,0,0,0
2014-03-13 15:49:11,1,100,0,0,0,0,0,0,100,0,0
2014-03-13 15:49:25,1,100,0,0,0,0,0,0,0,100,0
2014-03-13 15:49:35,6,1200,0,0,600,100,500,0,0,0,0
2014-03-13 15:49:39,6,800,0,0,400,0,0,0,0,400,0
2014-03-13 15:49:41,3,500,200,0,0,0,200,0,0,100,0
2014-03-13 15:49:47,7,999,0,0,0,0,100,0,0,699,200
2014-03-13 15:49:52,1,100,0,0,0,0,100,0,0,0,0
2014-03-13 15:49:59,5,332,117,0,0,0,0,1,100,114,0
2014-03-13 15:50:14,1,100,100,0,0,0,0,0,0,0,0
2014-03-13 15:50:33,2,104,0,0,0,0,0,100,0,4,0
2014-03-13 15:50:49,5,633,100,0,0,0,0,0,0,533,0
2014-03-13 15:50:51,1,33,0,0,0,0,0,0,0,33,0
2014-03-13 15:51:49,6,300,100,0,0,33,0,117,0,0,50
2014-03-13 15:51:50,3,233,233,0,0,0,0,0,0,0,0
2014-03-13 15:51:51,1,100,0,0,0,100,0,0,0,0,0
2014-03-13 15:51:52,3,204,0,0,0,4,0,0,0,0,200
2014-03-13 15:51:55,7,900,0,0,0,0,0,100,100,500,200
2014-03-13 15:52:03,1,100,0,0,0,0,0,0,0,100,0
2014-03-13 15:52:28,1,5,0,0,5,0,0,0,0,0,0
2014-03-13 15:52:29,13,1061,0,0,7,103,0,0,0,751,200
2014-03-13 15:52:30,1,100,0,0,0,0,0,100,0,0,0
2014-03-13 15:53:27,4,300,0,0,0,0,100,100,0,100,0
2014-03-13 15:53:30,4,306,0,0,0,0,2,100,0,204,0
2014-03-13 15:54:00,8,414,0,0,100,3,107,0,0,104,100
2014-03-13 15:54:04,4,297,0,0,0,97,100,100,0,0,0
2014-03-13 15:54:34,1,100,0,0,0,0,0,0,0,0,100
2014-03-13 15:54:38,9,805,0,0,100,2,1,0,0,602,100
2014-03-13 15:54:40,1,100,0,0,0,0,0,0,100,0,0
2014-03-13 15:54:43,3,500,0,0,0,0,0,400,100,0,0
2014-03-13 15:54:45,2,200,0,0,0,0,0,0,100,100,0
2014-03-13 15:54:50,3,500,0,0,0,0,0,0,0,500,0
2014-03-13 15:54:52,4,325,0,0,125,0,100,0,0,0,100
2014-03-13 15:55:11,2,200,0,0,200,0,0,0,0,0,0
2014-03-13 15:55:12,2,237,0,0,0,0,0,200,0,0,37
2014-03-13 15:55:16,1,100,0,0,0,0,0,0,0,0,100
2014-03-13 15:55:24,1,100,0,0,0,0,0,0,0,0,100
2014-03-13 15:55:39,8,896,0,0,0,100,0,100,496,100,100
2014-03-13 15:55:47,1,100,0,0,0,0,0,0,0,0,100
2014-03-13 15:56:00,10,968,0,0,0,100,100,0,42,500,226
2014-03-13 15:56:01,1,15,0,0,0,0,0,0,0,15,0
2014-03-13 15:56:10,3,500,100,0,0,0,100,300,0,0,0
2014-03-13 15:56:12,1,100,0,0,0,100,0,0,0,0,0
2014-03-13 15:56:15,4,400,0,0,0,0,0,0,0,200,200
2014-03-13 15:56:20,18,2135,0,0,0,500,0,400,400,735,100
2014-03-13 15:56:21,2,200,0,0,0,0,0,100,100,0,0
2014-03-13 15:56:51,19,1998,100,0,400,100,100,200,258,600,240
2014-03-13 15:57:02,7,500,0,0,0,100,100,32,100,0,168
2014-03-13 15:57:05,1,100,0,0,0,100,0,0,0,0,0
2014-03-13 15:57:06,1,100,0,0,0,0,0,0,0,0,100
2014-03-13 15:57:09,8,962,0,0,0,0,0,462,300,0,200
2014-03-13 15:57:10,1,100,0,0,0,0,0,0,0,100,0
2014-03-13 15:57:13,10,1000,0,0,100,0,200,0,0,400,300
2014-03-13 15:57:15,1,100,0,0,0,0,0,0,0,100,0
2014-03-13 15:57:19,2,200,100,0,0,0,0,0,0,100,0
2014-03-13 15:57:27,1,100,0,0,0,0,0,0,0,0,100
2014-03-13 15:57:29,3,434,0,0,0,0,334,0,100,0,0
2014-03-13 15:57:30,47,20613,12010,0,430,203,5393,300,300,1777,200
2014-03-13 15:57:31,2,200,0,0,0,0,200,0,0,0,0
2014-03-13 15:57:33,36,5855,0,0,100,400,1900,400,100,2500,455
2014-03-13 15:57:34,17,2200,0,0,0,400,800,100,0,800,100
2014-03-13 15:57:35,1,100,0,0,0,0,0,0,0,0,100
2014-03-13 15:57:38,1,100,0,0,0,100,0,0,0,0,0
2014-03-13 15:57:40,1,22,0,0,0,0,0,0,0,22,0
2014-03-13 15:57:43,11,2078,200,0,300,0,200,0,100,1278,0
2014-03-13 15:57:52,2,200,0,0,0,0,0,0,0,200,0
2014-03-13 15:57:53,2,200,0,0,0,0,100,0,0,100,0
2014-03-13 15:57:55,1,600,600,0,0,0,0,0,0,0,0
2014-03-13 15:57:58,10,1300,200,0,0,200,300,0,400,100,100
2014-03-13 15:58:02,3,300,0,0,0,0,0,0,100,100,100
2014-03-13 15:58:04,20,1735,0,0,100,200,0,245,335,700,155
2014-03-13 15:58:06,2,200,0,0,0,0,100,0,0,0,100
2014-03-13 15:58:14,1,100,0,0,0,0,0,100,0,0,0
2014-03-13 15:58:18,3,300,200,0,0,0,0,0,100,0,0
2014-03-13 15:58:19,1,100,100,0,0,0,0,0,0,0,0
2014-03-13 15:58:20,10,2031,149,0,1331,0,0,0,0,251,300
2014-03-13 15:58:21,3,351,0,0,0,51,0,0,0,200,100
2014-03-13 15:58:28,1,100,0,0,0,0,100,0,0,0,0
2014-03-13 15:58:30,1,100,0,0,0,0,100,0,0,0,0
2014-03-13 15:58:44,1,11,0,0,0,0,0,11,0,0,0
2014-03-13 15:58:54,2,100,0,0,0,0,0,100,0,0,0
2014-03-13 15:58:55,4,336,0,0,300,0,36,0,0,0,0
2014-03-13 15:59:09,3,1800,0,0,100,0,1700,0,0,0,0
2014-03-13 15:59:16,1,100,0,0,0,0,0,0,0,0,100
2014-03-13 15:59:20,6,1997,0,0,1731,0,266,0,0,0,0
2014-03-13 15:59:21,2,269,69,0,0,0,200,0,0,0,0
2014-03-13 15:59:24,5,791,131,0,0,0,560,0,0,0,100
2014-03-13 15:59:31,1,2,0,0,2,0,0,0,0,0,0
2014-03-13 15:59:36,16,16392,0,0,1331,0,14569,192,0,300,0
2014-03-13 15:59:37,2,150,0,0,0,0,0,50,0,100,0
2014-03-13 15:59:41,2,181,0,0,100,0,0,0,0,0,81
2014-03-13 15:59:51,1,42,0,0,0,0,0,0,0,0,42
2014-03-13 15:59:58,2,308,0,0,0,0,308,0,0,0,0
